activity_id,date,interval,swim_stroke,lengths,distance_m,time_sec,cumulative_time_sec,avg_pace,avg_swolf,avg_hr,max_hr,total_strokes,calories
20961059625,2025-11-11 13:54:40,1,,,200.0,373.998,373.998,3:06,,121.0,140.0,,55.0
20961059625,2025-11-11 13:54:40,2,,,0.0,0.0,373.998,N/A,,119.0,124.0,,0.0
20961059625,2025-11-11 13:54:40,3,,,100.0,185.688,559.6859999999999,3:05,,121.0,130.0,,27.0
20961059625,2025-11-11 13:54:40,4,,,0.0,0.0,559.6859999999999,N/A,,112.0,117.0,,0.0
20961059625,2025-11-11 13:54:40,5,,,100.0,202.312,761.9979999999999,3:22,,136.0,145.0,,26.0
20961059625,2025-11-11 13:54:40,6,,,0.0,0.0,761.9979999999999,N/A,,120.0,127.0,,0.0
20961059625,2025-11-11 13:54:40,7,,,75.0,195.438,957.4359999999999,4:20,,139.0,146.0,,17.0
20961059625,2025-11-11 13:54:40,8,,,0.0,0.0,957.4359999999999,N/A,,115.0,127.0,,0.0
20961059625,2025-11-11 13:54:40,9,,,100.0,193.562,1150.998,3:13,,138.0,153.0,,28.0
20961059625,2025-11-11 13:54:40,10,,,0.0,0.0,1150.998,N/A,,120.0,126.0,,0.0
20961059625,2025-11-11 13:54:40,11,,,100.0,282.063,1433.0610000000001,4:42,,137.0,148.0,,20.0
20961059625,2025-11-11 13:54:40,12,,,0.0,0.0,1433.0610000000001,N/A,,99.0,121.0,,0.0
20961059625,2025-11-11 13:54:40,13,,,25.0,43.625,1476.6860000000001,2:54,,120.0,131.0,,7.0
20961059625,2025-11-11 13:54:40,14,,,0.0,0.0,1476.6860000000001,N/A,,128.0,131.0,,0.0
20951207283,2025-11-10 14:43:59,1,,,375.0,693.373,693.373,3:04,,126.0,138.0,,103.0
20951207283,2025-11-10 14:43:59,2,,,0.0,0.0,693.373,N/A,,118.0,122.0,,0.0
20951207283,2025-11-10 14:43:59,3,,,50.0,93.999,787.3720000000001,3:07,,132.0,145.0,,13.0
20951207283,2025-11-10 14:43:59,4,,,0.0,0.0,787.3720000000001,N/A,,108.0,120.0,,0.0
20951207283,2025-11-10 14:43:59,5,,,50.0,96.812,884.1840000000001,3:13,,131.0,140.0,,13.0
20951207283,2025-11-10 14:43:59,6,,,0.0,0.0,884.1840000000001,N/A,,114.0,119.0,,0.0
20951207283,2025-11-10 14:43:59,7,,,50.0,74.75,958.9340000000001,2:29,,136.0,142.0,,15.0
20951207283,2025-11-10 14:43:59,8,,,0.0,0.0,958.9340000000001,N/A,,132.0,134.0,,0.0
20951207283,2025-11-10 14:43:59,9,,,50.0,87.063,1045.997,2:54,,139.0,145.0,,14.0
20951207283,2025-11-10 14:43:59,10,,,0.0,0.0,1045.997,N/A,,102.0,134.0,,0.0
20951207283,2025-11-10 14:43:59,11,,,50.0,146.125,1192.122,4:52,,123.0,131.0,,10.0
20951207283,2025-11-10 14:43:59,12,,,0.0,0.0,1192.122,N/A,,95.0,120.0,,0.0
20951207283,2025-11-10 14:43:59,13,,,25.0,51.937,1244.059,3:27,,108.0,121.0,,6.0
20951207283,2025-11-10 14:43:59,14,,,0.0,0.0,1244.059,N/A,,106.0,114.0,,0.0
20951207283,2025-11-10 14:43:59,15,,,125.0,289.501,1533.56,3:51,,131.0,140.0,,30.0
20951207283,2025-11-10 14:43:59,16,,,0.0,0.0,1533.56,N/A,,101.0,114.0,,0.0
20951207283,2025-11-10 14:43:59,17,,,275.0,501.063,2034.623,3:02,,128.0,141.0,,73.0
20951207283,2025-11-10 14:43:59,18,,,0.0,0.0,2034.623,N/A,,103.0,118.0,,0.0
20933445736,2025-11-08 18:43:30,1,,,300.0,582.624,582.624,3:14,,121.0,143.0,,79.0
20933445736,2025-11-08 18:43:30,2,,,0.0,0.0,582.624,N/A,,101.0,109.0,,0.0
20933445736,2025-11-08 18:43:30,3,,,100.0,175.188,757.812,2:55,,128.0,142.0,,27.0
20933445736,2025-11-08 18:43:30,4,,,0.0,0.0,757.812,N/A,,123.0,129.0,,0.0
20933445736,2025-11-08 18:43:30,5,,,100.0,201.625,959.437,3:21,,129.0,138.0,,26.0
20933445736,2025-11-08 18:43:30,6,,,0.0,0.0,959.437,N/A,,100.0,116.0,,0.0
20933445736,2025-11-08 18:43:30,7,,,100.0,187.5,1146.937,3:07,,131.0,142.0,,28.0
20933445736,2025-11-08 18:43:30,8,,,0.0,0.0,1146.937,N/A,,119.0,124.0,,0.0
20933445736,2025-11-08 18:43:30,9,,,100.0,199.188,1346.125,3:19,,131.0,139.0,,26.0
20933445736,2025-11-08 18:43:30,10,,,0.0,0.0,1346.125,N/A,,102.0,124.0,,0.0
20933445736,2025-11-08 18:43:30,11,,,100.0,179.313,1525.438,2:59,,134.0,144.0,,28.0
20933445736,2025-11-08 18:43:30,12,,,0.0,0.0,1525.438,N/A,,116.0,123.0,,0.0
20933445736,2025-11-08 18:43:30,13,,,100.0,208.625,1734.063,3:28,,133.0,145.0,,26.0
20933445736,2025-11-08 18:43:30,14,,,0.0,0.0,1734.063,N/A,,103.0,118.0,,0.0
20933445736,2025-11-08 18:43:30,15,,,100.0,172.562,1906.625,2:52,,136.0,151.0,,28.0
20933445736,2025-11-08 18:43:30,16,,,0.0,0.0,1906.625,N/A,,116.0,129.0,,0.0
20933445736,2025-11-08 18:43:30,17,,,100.0,215.125,2121.75,3:35,,126.0,136.0,,25.0
20933445736,2025-11-08 18:43:30,18,,,0.0,0.0,2121.75,N/A,,131.0,136.0,,0.0
20922415115,2025-11-07 14:40:12,1,,,300.0,599.123,599.123,3:19,,133.0,145.0,,81.0
20922415115,2025-11-07 14:40:12,2,,,0.0,0.0,599.123,N/A,,116.0,123.0,,0.0
20922415115,2025-11-07 14:40:12,3,,,50.0,197.438,796.561,6:34,,141.0,148.0,,11.0
20922415115,2025-11-07 14:40:12,4,,,0.0,0.0,796.561,N/A,,113.0,124.0,,0.0
20922415115,2025-11-07 14:40:12,5,,,50.0,104.0,900.561,3:28,,129.0,138.0,,12.0
20922415115,2025-11-07 14:40:12,6,,,0.0,0.0,900.561,N/A,,106.0,119.0,,0.0
20922415115,2025-11-07 14:40:12,7,,,100.0,203.749,1104.31,3:23,,133.0,142.0,,27.0
20922415115,2025-11-07 14:40:12,8,,,0.0,0.0,1104.31,N/A,,117.0,126.0,,0.0
20922415115,2025-11-07 14:40:12,9,,,100.0,184.501,1288.811,3:04,,139.0,146.0,,28.0
20922415115,2025-11-07 14:40:12,10,,,0.0,0.0,1288.811,N/A,,115.0,133.0,,0.0
20922415115,2025-11-07 14:40:12,11,,,100.0,210.938,1499.7489999999998,3:30,,134.0,145.0,,26.0
20922415115,2025-11-07 14:40:12,12,,,0.0,0.0,1499.7489999999998,N/A,,115.0,121.0,,0.0
20922415115,2025-11-07 14:40:12,13,,,100.0,170.938,1670.687,2:50,,140.0,148.0,,30.0
20922415115,2025-11-07 14:40:12,14,,,0.0,0.0,1670.687,N/A,,123.0,143.0,,0.0
20922415115,2025-11-07 14:40:12,15,,,75.0,209.249,1879.936,4:38,,127.0,136.0,,16.0
20922415115,2025-11-07 14:40:12,16,,,0.0,0.0,1879.936,N/A,,106.0,113.0,,0.0
20922415115,2025-11-07 14:40:12,17,,,200.0,421.001,2300.937,3:30,,131.0,141.0,,49.0
20922415115,2025-11-07 14:40:12,18,,,0.0,0.0,2300.937,N/A,,102.0,102.0,,0.0
20910533459,2025-11-06 09:43:01,1,,,300.0,546.809,546.809,3:02,,132.0,147.0,,83.0
20910533459,2025-11-06 09:43:01,2,,,0.0,0.0,546.809,N/A,,104.0,130.0,,0.0
20910533459,2025-11-06 09:43:01,3,,,150.0,276.249,823.058,3:04,,137.0,148.0,,42.0
20910533459,2025-11-06 09:43:01,4,,,0.0,0.0,823.058,N/A,,112.0,130.0,,0.0
20910533459,2025-11-06 09:43:01,5,,,150.0,274.063,1097.121,3:02,,134.0,145.0,,42.0
20910533459,2025-11-06 09:43:01,6,,,0.0,0.0,1097.121,N/A,,118.0,131.0,,0.0
20910533459,2025-11-06 09:43:01,7,,,150.0,264.001,1361.122,2:56,,137.0,144.0,,42.0
20910533459,2025-11-06 09:43:01,8,,,0.0,0.0,1361.122,N/A,,116.0,133.0,,0.0
20910533459,2025-11-06 09:43:01,9,,,150.0,279.999,1641.121,3:06,,141.0,155.0,,42.0
20910533459,2025-11-06 09:43:01,10,,,0.0,0.0,1641.121,N/A,,117.0,125.0,,0.0
20910533459,2025-11-06 09:43:01,11,,,150.0,267.999,1909.1200000000001,2:58,,142.0,156.0,,42.0
20910533459,2025-11-06 09:43:01,12,,,0.0,0.0,1909.1200000000001,N/A,,121.0,134.0,,0.0
20910533459,2025-11-06 09:43:01,13,,,75.0,197.563,2106.683,4:23,,123.0,141.0,,17.0
20910533459,2025-11-06 09:43:01,14,,,0.0,0.0,2106.683,N/A,,108.0,110.0,,0.0
20899149878,2025-11-05 07:18:49,1,,,50.0,110.811,110.811,3:41,,119.0,132.0,,13.0
20899149878,2025-11-05 07:18:49,2,,,0.0,0.0,110.811,N/A,,116.0,124.0,,0.0
20899149878,2025-11-05 07:18:49,3,,,0.0,0.0,110.811,N/A,,121.0,122.0,,0.0
20899149878,2025-11-05 07:18:49,4,,,0.0,0.0,110.811,N/A,,114.0,120.0,,0.0
20899149878,2025-11-05 07:18:49,5,,,25.0,51.563,162.37400000000002,3:26,,124.0,130.0,,6.0
20899149878,2025-11-05 07:18:49,6,,,0.0,0.0,162.37400000000002,N/A,,121.0,126.0,,0.0
20899149878,2025-11-05 07:18:49,7,,,50.0,89.188,251.562,2:58,,138.0,145.0,,14.0
20899149878,2025-11-05 07:18:49,8,,,0.0,0.0,251.562,N/A,,122.0,131.0,,0.0
20899149878,2025-11-05 07:18:49,9,,,25.0,55.124,306.68600000000004,3:40,,134.0,141.0,,6.0
20899149878,2025-11-05 07:18:49,10,,,0.0,0.0,306.68600000000004,N/A,,129.0,135.0,,0.0
20899149878,2025-11-05 07:18:49,11,,,175.0,317.563,624.249,3:01,,141.0,149.0,,48.0
20899149878,2025-11-05 07:18:49,12,,,0.0,0.0,624.249,N/A,,123.0,128.0,,0.0
20899149878,2025-11-05 07:18:49,13,,,50.0,74.875,699.124,2:29,,139.0,145.0,,15.0
20899149878,2025-11-05 07:18:49,14,,,0.0,0.0,699.124,N/A,,115.0,135.0,,0.0
20899149878,2025-11-05 07:18:49,15,,,50.0,90.501,789.625,3:01,,130.0,139.0,,13.0
20899149878,2025-11-05 07:18:49,16,,,0.0,0.0,789.625,N/A,,110.0,128.0,,0.0
20899149878,2025-11-05 07:18:49,17,,,150.0,281.75,1071.375,3:07,,131.0,147.0,,41.0
20899149878,2025-11-05 07:18:49,18,,,0.0,0.0,1071.375,N/A,,132.0,133.0,,0.0
20879744549,2025-11-03 09:34:59,1,,,0.0,0.0,0.0,N/A,,90.0,97.0,,0.0
20879744549,2025-11-03 09:34:59,2,,,200.0,360.312,360.312,3:00,,112.0,128.0,,56.0
20879744549,2025-11-03 09:34:59,3,,,0.0,0.0,360.312,N/A,,101.0,106.0,,0.0
20879744549,2025-11-03 09:34:59,4,,,200.0,375.876,736.188,3:07,,114.0,123.0,,56.0
20879744549,2025-11-03 09:34:59,5,,,0.0,0.0,736.188,N/A,,100.0,108.0,,0.0
20879744549,2025-11-03 09:34:59,6,,,250.0,466.499,1202.687,3:06,,116.0,128.0,,70.0
20879744549,2025-11-03 09:34:59,7,,,0.0,0.0,1202.687,N/A,,101.0,107.0,,0.0
20879744549,2025-11-03 09:34:59,8,,,175.0,385.75,1588.437,3:40,,118.0,128.0,,44.0
20879744549,2025-11-03 09:34:59,9,,,0.0,0.0,1588.437,N/A,,86.0,107.0,,0.0
20879744549,2025-11-03 09:34:59,10,,,150.0,290.063,1878.5,3:13,,117.0,133.0,,41.0
20879744549,2025-11-03 09:34:59,11,,,0.0,0.0,1878.5,N/A,,116.0,120.0,,0.0
20879744549,2025-11-03 09:34:59,12,,,50.0,91.749,1970.249,3:03,,128.0,136.0,,14.0
20879744549,2025-11-03 09:34:59,13,,,0.0,0.0,1970.249,N/A,,125.0,127.0,,0.0
20862535109,2025-11-01 14:50:38,1,,,200.0,377.061,377.061,3:08,,131.0,144.0,,54.0
20862535109,2025-11-01 14:50:38,2,,,0.0,0.0,377.061,N/A,,111.0,115.0,,0.0
20862535109,2025-11-01 14:50:38,3,,,100.0,186.063,563.124,3:06,,130.0,136.0,,28.0
20862535109,2025-11-01 14:50:38,4,,,0.0,0.0,563.124,N/A,,114.0,126.0,,0.0
20862535109,2025-11-01 14:50:38,5,,,100.0,201.438,764.562,3:21,,128.0,135.0,,26.0
20862535109,2025-11-01 14:50:38,6,,,0.0,0.0,764.562,N/A,,108.0,118.0,,0.0
20862535109,2025-11-01 14:50:38,7,,,50.0,96.624,861.186,3:13,,133.0,141.0,,13.0
20862535109,2025-11-01 14:50:38,8,,,0.0,0.0,861.186,N/A,,137.0,145.0,,0.0
20862535109,2025-11-01 14:50:38,9,,,50.0,86.313,947.499,2:52,,145.0,154.0,,14.0
20862535109,2025-11-01 14:50:38,10,,,0.0,0.0,947.499,N/A,,122.0,135.0,,0.0
20862535109,2025-11-01 14:50:38,11,,,100.0,210.813,1158.312,3:30,,130.0,140.0,,25.0
20862535109,2025-11-01 14:50:38,12,,,0.0,0.0,1158.312,N/A,,100.0,113.0,,0.0
20862535109,2025-11-01 14:50:38,13,,,25.0,47.437,1205.7489999999998,3:09,,107.0,110.0,,7.0
20862535109,2025-11-01 14:50:38,14,,,0.0,0.0,1205.7489999999998,N/A,,112.0,121.0,,0.0
20862535109,2025-11-01 14:50:38,15,,,25.0,26.313,1232.062,1:45,,131.0,135.0,,8.0
20862535109,2025-11-01 14:50:38,16,,,0.0,0.0,1232.062,N/A,,129.0,131.0,,0.0
20862535109,2025-11-01 14:50:38,17,,,25.0,36.813,1268.875,2:27,,134.0,138.0,,7.0
20862535109,2025-11-01 14:50:38,18,,,0.0,0.0,1268.875,N/A,,123.0,124.0,,0.0
20862535109,2025-11-01 14:50:38,19,,,25.0,30.313,1299.188,2:01,,132.0,137.0,,8.0
20862535109,2025-11-01 14:50:38,20,,,0.0,0.0,1299.188,N/A,,123.0,133.0,,0.0
20862535109,2025-11-01 14:50:38,21,,,50.0,106.499,1405.6870000000001,3:32,,135.0,140.0,,13.0
20862535109,2025-11-01 14:50:38,22,,,0.0,0.0,1405.6870000000001,N/A,,121.0,129.0,,0.0
20862535109,2025-11-01 14:50:38,23,,,50.0,106.126,1511.813,3:32,,128.0,137.0,,12.0
20862535109,2025-11-01 14:50:38,24,,,0.0,0.0,1511.813,N/A,,111.0,126.0,,0.0
20862535109,2025-11-01 14:50:38,25,,,100.0,157.687,1669.5,2:37,,133.0,145.0,,27.0
20862535109,2025-11-01 14:50:38,26,,,0.0,0.0,1669.5,N/A,,129.0,133.0,,0.0
20862535109,2025-11-01 14:50:38,27,,,25.0,45.124,1714.624,3:00,,133.0,136.0,,7.0
20862535109,2025-11-01 14:50:38,28,,,0.0,0.0,1714.624,N/A,,114.0,130.0,,0.0
20862535109,2025-11-01 14:50:38,29,,,75.0,212.813,1927.437,4:43,,132.0,145.0,,15.0
20862535109,2025-11-01 14:50:38,30,,,0.0,0.0,1927.437,N/A,,125.0,133.0,,0.0
20850386974,2025-10-31 09:45:43,1,,,0.0,0.0,0.0,N/A,,79.0,83.0,,0.0
20850386974,2025-10-31 09:45:43,2,,,425.0,812.813,812.813,3:11,,126.0,136.0,,111.0
20850386974,2025-10-31 09:45:43,3,,,0.0,0.0,812.813,N/A,,105.0,115.0,,0.0
20850386974,2025-10-31 09:45:43,4,,,50.0,112.5,925.313,3:45,,120.0,127.0,,12.0
20850386974,2025-10-31 09:45:43,5,,,0.0,0.0,925.313,N/A,,102.0,110.0,,0.0
20850386974,2025-10-31 09:45:43,6,,,25.0,57.5,982.813,3:49,,114.0,125.0,,6.0
20850386974,2025-10-31 09:45:43,7,,,0.0,0.0,982.813,N/A,,89.0,116.0,,0.0
20850386974,2025-10-31 09:45:43,8,,,200.0,429.938,1412.751,3:34,,117.0,128.0,,49.0
20850386974,2025-10-31 09:45:43,9,,,0.0,0.0,1412.751,N/A,,94.0,106.0,,0.0
20850386974,2025-10-31 09:45:43,10,,,275.0,640.874,2053.625,3:53,,121.0,138.0,,63.0
20850386974,2025-10-31 09:45:43,11,,,0.0,0.0,2053.625,N/A,,121.0,123.0,,0.0
20850386974,2025-10-31 09:45:43,12,,,25.0,37.563,2091.188,2:30,,131.0,137.0,,7.0
20850386974,2025-10-31 09:45:43,13,,,0.0,0.0,2091.188,N/A,,122.0,125.0,,0.0
20841076982,2025-10-30 09:38:59,1,,,0.0,0.0,0.0,N/A,,90.0,95.0,,0.0
20841076982,2025-10-30 09:38:59,2,,,200.0,377.063,377.063,3:08,,120.0,133.0,,55.0
20841076982,2025-10-30 09:38:59,3,,,0.0,0.0,377.063,N/A,,115.0,126.0,,0.0
20841076982,2025-10-30 09:38:59,4,,,200.0,386.625,763.688,3:13,,129.0,137.0,,54.0
20841076982,2025-10-30 09:38:59,5,,,0.0,0.0,763.688,N/A,,109.0,114.0,,0.0
20841076982,2025-10-30 09:38:59,6,,,200.0,397.875,1161.563,3:18,,127.0,138.0,,53.0
20841076982,2025-10-30 09:38:59,7,,,0.0,0.0,1161.563,N/A,,113.0,119.0,,0.0
20841076982,2025-10-30 09:38:59,8,,,200.0,411.187,1572.75,3:25,,129.0,137.0,,50.0
20841076982,2025-10-30 09:38:59,9,,,0.0,0.0,1572.75,N/A,,113.0,119.0,,0.0
20841076982,2025-10-30 09:38:59,10,,,200.0,389.188,1961.938,3:14,,129.0,139.0,,52.0
20841076982,2025-10-30 09:38:59,11,,,0.0,0.0,1961.938,N/A,,129.0,132.0,,0.0
20821534574,2025-10-28 09:26:55,1,,,200.0,427.749,427.749,3:33,,126.0,137.0,,48.0
20821534574,2025-10-28 09:26:55,2,,,0.0,0.0,427.749,N/A,,109.0,123.0,,0.0
20821534574,2025-10-28 09:26:55,3,,,200.0,419.688,847.437,3:29,,133.0,142.0,,49.0
20821534574,2025-10-28 09:26:55,4,,,0.0,0.0,847.437,N/A,,118.0,129.0,,0.0
20821534574,2025-10-28 09:26:55,5,,,200.0,408.563,1256.0,3:24,,132.0,141.0,,50.0
20821534574,2025-10-28 09:26:55,6,,,0.0,0.0,1256.0,N/A,,102.0,115.0,,0.0
20821534574,2025-10-28 09:26:55,7,,,200.0,426.75,1682.75,3:33,,137.0,148.0,,50.0
20821534574,2025-10-28 09:26:55,8,,,0.0,0.0,1682.75,N/A,,111.0,140.0,,0.0
20821534574,2025-10-28 09:26:55,9,,,200.0,447.125,2129.875,3:43,,125.0,137.0,,48.0
20821534574,2025-10-28 09:26:55,10,,,0.0,0.0,2129.875,N/A,,113.0,113.0,,0.0
20811944282,2025-10-27 09:54:17,1,,,200.0,445.311,445.311,3:42,,126.0,141.0,,46.0
20811944282,2025-10-27 09:54:17,2,,,0.0,0.0,445.311,N/A,,123.0,132.0,,0.0
20811944282,2025-10-27 09:54:17,3,,,450.0,956.75,1402.061,3:32,,137.0,146.0,,108.0
20811944282,2025-10-27 09:54:17,4,,,0.0,0.0,1402.061,N/A,,103.0,129.0,,0.0
20811944282,2025-10-27 09:54:17,5,,,150.0,302.813,1704.8739999999998,3:21,,136.0,145.0,,39.0
20811944282,2025-10-27 09:54:17,6,,,0.0,0.0,1704.8739999999998,N/A,,125.0,127.0,,0.0
20806668912,2025-10-26 16:08:29,1,,,150.0,317.373,317.373,3:31,,117.0,125.0,,37.0
20806668912,2025-10-26 16:08:29,2,,,0.0,0.0,317.373,N/A,,109.0,116.0,,0.0
20806668912,2025-10-26 16:08:29,3,,,50.0,108.687,426.06,3:37,,117.0,123.0,,12.0
20806668912,2025-10-26 16:08:29,4,,,0.0,0.0,426.06,N/A,,105.0,109.0,,0.0
20806668912,2025-10-26 16:08:29,5,,,200.0,420.563,846.623,3:30,,123.0,132.0,,49.0
20806668912,2025-10-26 16:08:29,6,,,0.0,0.0,846.623,N/A,,100.0,119.0,,0.0
20806668912,2025-10-26 16:08:29,7,,,175.0,418.624,1265.247,3:59,,127.0,136.0,,40.0
20806668912,2025-10-26 16:08:29,8,,,0.0,0.0,1265.247,N/A,,93.0,117.0,,0.0
20806668912,2025-10-26 16:08:29,9,,,150.0,316.25,1581.497,3:30,,123.0,135.0,,38.0
20806668912,2025-10-26 16:08:29,10,,,0.0,0.0,1581.497,N/A,,104.0,112.0,,0.0
20806668912,2025-10-26 16:08:29,11,,,175.0,422.313,2003.81,4:01,,125.0,136.0,,39.0
20806668912,2025-10-26 16:08:29,12,,,0.0,0.0,2003.81,N/A,,110.0,118.0,,0.0
20806668912,2025-10-26 16:08:29,13,,,75.0,224.277,2228.087,4:59,,124.0,131.0,,14.0
20796635075,2025-10-25 16:45:45,1,,,50.0,106.749,106.749,3:33,,108.0,126.0,,13.0
20796635075,2025-10-25 16:45:45,2,,,0.0,0.0,106.749,N/A,,116.0,121.0,,0.0
20796635075,2025-10-25 16:45:45,3,,,250.0,516.187,622.936,3:26,,121.0,130.0,,65.0
20796635075,2025-10-25 16:45:45,4,,,0.0,0.0,622.936,N/A,,103.0,113.0,,0.0
20796635075,2025-10-25 16:45:45,5,,,50.0,106.062,728.998,3:32,,122.0,132.0,,12.0
20796635075,2025-10-25 16:45:45,6,,,0.0,0.0,728.998,N/A,,90.0,114.0,,0.0
20796635075,2025-10-25 16:45:45,7,,,50.0,114.062,843.0600000000001,3:48,,112.0,121.0,,11.0
20796635075,2025-10-25 16:45:45,8,,,0.0,0.0,843.0600000000001,N/A,,104.0,111.0,,0.0
20796635075,2025-10-25 16:45:45,9,,,25.0,40.249,883.3090000000001,2:40,,114.0,121.0,,7.0
20796635075,2025-10-25 16:45:45,10,,,0.0,0.0,883.3090000000001,N/A,,85.0,115.0,,0.0
20796635075,2025-10-25 16:45:45,11,,,25.0,64.313,947.6220000000001,4:17,,90.0,97.0,,5.0
20796635075,2025-10-25 16:45:45,12,,,0.0,0.0,947.6220000000001,N/A,,82.0,86.0,,0.0
20796635075,2025-10-25 16:45:45,13,,,25.0,39.938,987.5600000000001,2:39,,101.0,113.0,,7.0
20796635075,2025-10-25 16:45:45,14,,,0.0,0.0,987.5600000000001,N/A,,95.0,100.0,,0.0
20796635075,2025-10-25 16:45:45,15,,,25.0,52.125,1039.685,3:28,,106.0,113.0,,6.0
20796635075,2025-10-25 16:45:45,16,,,0.0,0.0,1039.685,N/A,,99.0,103.0,,0.0
20796635075,2025-10-25 16:45:45,17,,,50.0,110.5,1150.185,3:41,,112.0,121.0,,12.0
20796635075,2025-10-25 16:45:45,18,,,0.0,0.0,1150.185,N/A,,98.0,103.0,,0.0
20796635075,2025-10-25 16:45:45,19,,,75.0,178.874,1329.059,3:58,,111.0,116.0,,17.0
20796635075,2025-10-25 16:45:45,20,,,0.0,0.0,1329.059,N/A,,90.0,101.0,,0.0
20796635075,2025-10-25 16:45:45,21,,,75.0,179.313,1508.3719999999998,3:59,,110.0,119.0,,17.0
20796635075,2025-10-25 16:45:45,22,,,0.0,0.0,1508.3719999999998,N/A,,96.0,103.0,,0.0
20796635075,2025-10-25 16:45:45,23,,,25.0,51.75,1560.1219999999998,3:26,,108.0,115.0,,6.0
20796635075,2025-10-25 16:45:45,24,,,0.0,0.0,1560.1219999999998,N/A,,100.0,103.0,,0.0
20796635075,2025-10-25 16:45:45,25,,,25.0,55.437,1615.5589999999997,3:41,,114.0,120.0,,6.0
20796635075,2025-10-25 16:45:45,26,,,0.0,0.0,1615.5589999999997,N/A,,102.0,107.0,,0.0
20796635075,2025-10-25 16:45:45,27,,,25.0,48.875,1664.4339999999997,3:15,,111.0,118.0,,7.0
20796635075,2025-10-25 16:45:45,28,,,0.0,0.0,1664.4339999999997,N/A,,91.0,104.0,,0.0
20796635075,2025-10-25 16:45:45,29,,,25.0,56.688,1721.1219999999998,3:46,,102.0,111.0,,6.0
20796635075,2025-10-25 16:45:45,30,,,0.0,0.0,1721.1219999999998,N/A,,94.0,101.0,,0.0
20796635075,2025-10-25 16:45:45,31,,,75.0,166.875,1887.9969999999998,3:42,,111.0,119.0,,18.0
20796635075,2025-10-25 16:45:45,32,,,0.0,0.0,1887.9969999999998,N/A,,94.0,109.0,,0.0
20796635075,2025-10-25 16:45:45,33,,,50.0,115.876,2003.8729999999998,3:51,,106.0,116.0,,12.0
20796635075,2025-10-25 16:45:45,34,,,0.0,0.0,2003.8729999999998,N/A,,101.0,105.0,,0.0
20796635075,2025-10-25 16:45:45,35,,,25.0,57.0,2060.8729999999996,3:47,,113.0,118.0,,6.0
20796635075,2025-10-25 16:45:45,36,,,0.0,0.0,2060.8729999999996,N/A,,99.0,108.0,,0.0
20796635075,2025-10-25 16:45:45,37,,,25.0,56.124,2116.9969999999994,3:44,,107.0,114.0,,6.0
20796635075,2025-10-25 16:45:45,38,,,0.0,0.0,2116.9969999999994,N/A,,99.0,102.0,,0.0
20796635075,2025-10-25 16:45:45,39,,,25.0,49.134,2166.1309999999994,3:16,,112.0,117.0,,7.0
20784398221,2025-10-24 10:01:02,1,,,25.0,26.061,26.061,1:44,,93.0,101.0,,6.0
20784398221,2025-10-24 10:01:02,2,,,0.0,0.0,26.061,N/A,,107.0,113.0,,0.0
20784398221,2025-10-24 10:01:02,3,,,300.0,673.684,699.745,3:44,,115.0,125.0,,63.0
20784398221,2025-10-24 10:01:02,4,,,0.0,0.0,699.745,N/A,,105.0,110.0,,0.0
20784398221,2025-10-24 10:01:02,5,,,200.0,406.75,1106.495,3:23,,131.0,139.0,,49.0
20784398221,2025-10-24 10:01:02,6,,,0.0,0.0,1106.495,N/A,,107.0,121.0,,0.0
20784398221,2025-10-24 10:01:02,7,,,200.0,375.187,1481.6819999999998,3:07,,137.0,151.0,,48.0
20784398221,2025-10-24 10:01:02,8,,,0.0,0.0,1481.6819999999998,N/A,,118.0,128.0,,0.0
20784398221,2025-10-24 10:01:02,9,,,200.0,396.751,1878.4329999999998,3:18,,160.0,171.0,,53.0
20784398221,2025-10-24 10:01:02,10,,,0.0,0.0,1878.4329999999998,N/A,,119.0,147.0,,0.0
20784398221,2025-10-24 10:01:02,11,,,225.0,475.188,2353.6209999999996,3:31,,144.0,159.0,,56.0
20784398221,2025-10-24 10:01:02,12,,,0.0,0.0,2353.6209999999996,N/A,,142.0,144.0,,0.0
20776050679,2025-10-23 11:16:35,1,,,200.0,434.185,434.185,3:37,,125.0,139.0,,49.0
20776050679,2025-10-23 11:16:35,2,,,0.0,0.0,434.185,N/A,,109.0,114.0,,0.0
20776050679,2025-10-23 11:16:35,3,,,150.0,330.438,764.623,3:40,,126.0,140.0,,36.0
20776050679,2025-10-23 11:16:35,4,,,0.0,0.0,764.623,N/A,,109.0,121.0,,0.0
20776050679,2025-10-23 11:16:35,5,,,25.0,47.0,811.623,3:08,,122.0,127.0,,7.0
20776050679,2025-10-23 11:16:35,6,,,0.0,0.0,811.623,N/A,,109.0,120.0,,0.0
20776050679,2025-10-23 11:16:35,7,,,75.0,181.687,993.3100000000001,4:02,,115.0,122.0,,17.0
20776050679,2025-10-23 11:16:35,8,,,0.0,0.0,993.3100000000001,N/A,,108.0,110.0,,0.0
20776050679,2025-10-23 11:16:35,9,,,50.0,102.624,1095.934,3:25,,115.0,121.0,,12.0
20776050679,2025-10-23 11:16:35,10,,,0.0,0.0,1095.934,N/A,,108.0,111.0,,0.0
20776050679,2025-10-23 11:16:35,11,,,100.0,291.063,1386.9969999999998,4:51,,116.0,126.0,,19.0
20776050679,2025-10-23 11:16:35,12,,,0.0,0.0,1386.9969999999998,N/A,,111.0,116.0,,0.0
20776050679,2025-10-23 11:16:35,13,,,25.0,51.124,1438.1209999999999,3:24,,121.0,123.0,,6.0
20776050679,2025-10-23 11:16:35,14,,,0.0,0.0,1438.1209999999999,N/A,,110.0,122.0,,0.0
20776050679,2025-10-23 11:16:35,15,,,100.0,234.063,1672.1839999999997,3:54,,119.0,129.0,,24.0
20776050679,2025-10-23 11:16:35,16,,,0.0,0.0,1672.1839999999997,N/A,,109.0,116.0,,0.0
20776050679,2025-10-23 11:16:35,17,,,100.0,215.501,1887.6849999999997,3:35,,116.0,124.0,,24.0
20776050679,2025-10-23 11:16:35,18,,,0.0,0.0,1887.6849999999997,N/A,,107.0,113.0,,0.0
20776050679,2025-10-23 11:16:35,19,,,75.0,175.0,2062.6849999999995,3:53,,120.0,127.0,,17.0
20776050679,2025-10-23 11:16:35,20,,,0.0,0.0,2062.6849999999995,N/A,,105.0,111.0,,0.0
20776050679,2025-10-23 11:16:35,21,,,100.0,221.187,2283.8719999999994,3:41,,118.0,125.0,,24.0
20776050679,2025-10-23 11:16:35,22,,,0.0,0.0,2283.8719999999994,N/A,,100.0,111.0,,0.0
20776050679,2025-10-23 11:16:35,23,,,25.0,41.062,2324.9339999999993,2:44,,112.0,119.0,,7.0
20776050679,2025-10-23 11:16:35,24,,,0.0,0.0,2324.9339999999993,N/A,,116.0,117.0,,0.0
20765706824,2025-10-22 09:42:35,1,,,650.0,1370.749,1370.749,3:30,,117.0,127.0,,160.0
20765706824,2025-10-22 09:42:35,2,,,0.0,0.0,1370.749,N/A,,100.0,109.0,,0.0
20765706824,2025-10-22 09:42:35,3,,,450.0,968.499,2339.248,3:35,,133.0,149.0,,107.0
20765706824,2025-10-22 09:42:35,4,,,0.0,0.0,2339.248,N/A,,144.0,148.0,,0.0
20755826425,2025-10-21 10:21:57,1,,,0.0,0.0,0.0,N/A,,93.0,96.0,,0.0
20755826425,2025-10-21 10:21:57,2,,,600.0,1472.437,1472.437,4:05,,137.0,150.0,,139.0
20755826425,2025-10-21 10:21:57,3,,,0.0,0.0,1472.437,N/A,,136.0,138.0,,0.0
20755824225,2025-10-21 09:26:56,1,,,600.0,1276.498,1276.498,3:32,,145.0,156.0,,148.0
20755824225,2025-10-21 09:26:56,2,,,0.0,0.0,1276.498,N/A,,127.0,134.0,,0.0
20755824225,2025-10-21 09:26:56,3,,,200.0,412.626,1689.124,3:26,,148.0,155.0,,40.0
20755824225,2025-10-21 09:26:56,4,,,0.0,0.0,1689.124,N/A,,137.0,145.0,,0.0
20755824225,2025-10-21 09:26:56,5,,,200.0,406.687,2095.811,3:23,,147.0,155.0,,51.0
20755824225,2025-10-21 09:26:56,6,,,0.0,0.0,2095.811,N/A,,153.0,154.0,,0.0
20748323033,2025-10-20 13:55:02,1,,,0.0,0.0,0.0,N/A,,92.0,95.0,,0.0
20748323033,2025-10-20 13:55:02,2,,,200.0,426.188,426.188,3:33,,118.0,129.0,,51.0
20748323033,2025-10-20 13:55:02,3,,,0.0,0.0,426.188,N/A,,105.0,107.0,,0.0
20748323033,2025-10-20 13:55:02,4,,,100.0,206.999,633.187,3:26,,111.0,126.0,,23.0
20748323033,2025-10-20 13:55:02,5,,,0.0,0.0,633.187,N/A,,104.0,109.0,,0.0
20748323033,2025-10-20 13:55:02,6,,,100.0,246.5,879.687,4:06,,118.0,126.0,,18.0
20748323033,2025-10-20 13:55:02,7,,,0.0,0.0,879.687,N/A,,109.0,115.0,,0.0
20748323033,2025-10-20 13:55:02,8,,,50.0,109.187,988.874,3:38,,118.0,124.0,,12.0
20748323033,2025-10-20 13:55:02,9,,,0.0,0.0,988.874,N/A,,109.0,116.0,,0.0
20748323033,2025-10-20 13:55:02,10,,,125.0,280.501,1269.375,3:44,,119.0,127.0,,31.0
20748323033,2025-10-20 13:55:02,11,,,0.0,0.0,1269.375,N/A,,110.0,117.0,,0.0
20748323033,2025-10-20 13:55:02,12,,,25.0,55.749,1325.124,3:42,,121.0,125.0,,6.0
20748323033,2025-10-20 13:55:02,13,,,0.0,0.0,1325.124,N/A,,109.0,116.0,,0.0
20748323033,2025-10-20 13:55:02,14,,,25.0,48.375,1373.499,3:13,,115.0,120.0,,7.0
20748323033,2025-10-20 13:55:02,15,,,0.0,0.0,1373.499,N/A,,114.0,116.0,,0.0
20748323033,2025-10-20 13:55:02,16,,,50.0,104.0,1477.499,3:28,,122.0,131.0,,12.0
20748323033,2025-10-20 13:55:02,17,,,0.0,0.0,1477.499,N/A,,112.0,115.0,,0.0
20748323033,2025-10-20 13:55:02,18,,,50.0,104.626,1582.125,3:29,,123.0,131.0,,13.0
20748323033,2025-10-20 13:55:02,19,,,0.0,0.0,1582.125,N/A,,109.0,118.0,,0.0
20748323033,2025-10-20 13:55:02,20,,,125.0,269.875,1852.0,3:35,,122.0,130.0,,31.0
20748323033,2025-10-20 13:55:02,21,,,0.0,0.0,1852.0,N/A,,115.0,117.0,,0.0
20748323033,2025-10-20 13:55:02,22,,,25.0,32.188,1884.188,2:08,,120.0,124.0,,8.0
20748323033,2025-10-20 13:55:02,23,,,0.0,0.0,1884.188,N/A,,113.0,116.0,,0.0
20748323033,2025-10-20 13:55:02,24,,,25.0,63.624,1947.8120000000001,4:14,,118.0,125.0,,6.0
20748323033,2025-10-20 13:55:02,25,,,0.0,0.0,1947.8120000000001,N/A,,109.0,115.0,,0.0
20748323033,2025-10-20 13:55:02,26,,,125.0,243.813,2191.625,3:15,,124.0,133.0,,32.0
20748323033,2025-10-20 13:55:02,27,,,0.0,0.0,2191.625,N/A,,115.0,116.0,,0.0
20739958053,2025-10-19 14:39:18,1,,,0.0,0.0,0.0,N/A,,94.0,100.0,,0.0
20739958053,2025-10-19 14:39:18,2,,,0.0,0.0,0.0,N/A,,86.0,90.0,,0.0
20739958053,2025-10-19 14:39:18,3,,,200.0,435.813,435.813,3:37,,121.0,129.0,,48.0
20739958053,2025-10-19 14:39:18,4,,,0.0,0.0,435.813,N/A,,104.0,113.0,,0.0
20739958053,2025-10-19 14:39:18,5,,,200.0,413.688,849.501,3:26,,120.0,129.0,,51.0
20739958053,2025-10-19 14:39:18,6,,,0.0,0.0,849.501,N/A,,103.0,116.0,,0.0
20739958053,2025-10-19 14:39:18,7,,,50.0,109.062,958.563,3:38,,120.0,127.0,,13.0
20739958053,2025-10-19 14:39:18,8,,,0.0,0.0,958.563,N/A,,106.0,112.0,,0.0
20739958053,2025-10-19 14:39:18,9,,,25.0,18.374,976.937,1:13,,114.0,121.0,,9.0
20739958053,2025-10-19 14:39:18,10,,,0.0,0.0,976.937,N/A,,114.0,118.0,,0.0
20739958053,2025-10-19 14:39:18,11,,,25.0,51.812,1028.749,3:27,,125.0,132.0,,6.0
20739958053,2025-10-19 14:39:18,12,,,0.0,0.0,1028.749,N/A,,101.0,124.0,,0.0
20739958053,2025-10-19 14:39:18,13,,,50.0,50.563,1079.3120000000001,1:41,,98.0,104.0,,14.0
20739958053,2025-10-19 14:39:18,14,,,0.0,0.0,1079.3120000000001,N/A,,94.0,96.0,,0.0
20739958053,2025-10-19 14:39:18,15,,,25.0,63.438,1142.7500000000002,4:13,,98.0,104.0,,6.0
20739958053,2025-10-19 14:39:18,16,,,0.0,0.0,1142.7500000000002,N/A,,98.0,104.0,,0.0
20739958053,2025-10-19 14:39:18,17,,,25.0,18.437,1161.1870000000001,1:13,,99.0,101.0,,9.0
20739958053,2025-10-19 14:39:18,18,,,0.0,0.0,1161.1870000000001,N/A,,97.0,103.0,,0.0
20739958053,2025-10-19 14:39:18,19,,,25.0,18.688,1179.8750000000002,1:14,,97.0,100.0,,9.0
20739958053,2025-10-19 14:39:18,20,,,0.0,0.0,1179.8750000000002,N/A,,87.0,97.0,,0.0
20739958053,2025-10-19 14:39:18,21,,,50.0,70.25,1250.1250000000002,2:20,,85.0,90.0,,11.0
20739958053,2025-10-19 14:39:18,22,,,0.0,0.0,1250.1250000000002,N/A,,89.0,100.0,,0.0
20739958053,2025-10-19 14:39:18,23,,,0.0,0.0,1250.1250000000002,N/A,,102.0,107.0,,0.0
20739958053,2025-10-19 14:39:18,24,,,0.0,0.0,1250.1250000000002,N/A,,85.0,101.0,,0.0
20739958053,2025-10-19 14:39:18,25,,,50.0,55.063,1305.1880000000003,1:50,,93.0,98.0,,13.0
20739958053,2025-10-19 14:39:18,26,,,0.0,0.0,1305.1880000000003,N/A,,91.0,99.0,,0.0
20739958053,2025-10-19 14:39:18,27,,,25.0,43.499,1348.6870000000004,2:53,,101.0,114.0,,7.0
20739958053,2025-10-19 14:39:18,28,,,0.0,0.0,1348.6870000000004,N/A,,103.0,111.0,,0.0
20739958053,2025-10-19 14:39:18,29,,,25.0,57.125,1405.8120000000004,3:48,,135.0,149.0,,6.0
20739958053,2025-10-19 14:39:18,30,,,0.0,0.0,1405.8120000000004,N/A,,115.0,131.0,,0.0
20739958053,2025-10-19 14:39:18,31,,,50.0,49.75,1455.5620000000004,1:39,,129.0,138.0,,17.0
20739958053,2025-10-19 14:39:18,32,,,0.0,0.0,1455.5620000000004,N/A,,120.0,133.0,,0.0
20739958053,2025-10-19 14:39:18,33,,,25.0,54.563,1510.1250000000005,3:38,,133.0,143.0,,6.0
20739958053,2025-10-19 14:39:18,34,,,0.0,0.0,1510.1250000000005,N/A,,120.0,129.0,,0.0
20739958053,2025-10-19 14:39:18,35,,,25.0,50.688,1560.8130000000006,3:22,,137.0,146.0,,6.0
20739958053,2025-10-19 14:39:18,36,,,0.0,0.0,1560.8130000000006,N/A,,100.0,123.0,,0.0
20720636262,2025-10-17 18:12:32,1,,,200.0,452.372,452.372,3:46,,108.0,130.0,,43.0
20720636262,2025-10-17 18:12:32,2,,,0.0,0.0,452.372,N/A,,97.0,107.0,,0.0
20720636262,2025-10-17 18:12:32,3,,,50.0,73.438,525.8100000000001,2:26,,94.0,100.0,,15.0
20720636262,2025-10-17 18:12:32,4,,,0.0,0.0,525.8100000000001,N/A,,87.0,105.0,,0.0
20720636262,2025-10-17 18:12:32,5,,,50.0,35.999,561.8090000000001,1:11,,113.0,120.0,,18.0
20720636262,2025-10-17 18:12:32,6,,,0.0,0.0,561.8090000000001,N/A,,97.0,113.0,,0.0
20720636262,2025-10-17 18:12:32,7,,,25.0,54.313,616.1220000000001,3:37,,107.0,114.0,,6.0
20720636262,2025-10-17 18:12:32,8,,,0.0,0.0,616.1220000000001,N/A,,95.0,100.0,,0.0
20720636262,2025-10-17 18:12:32,9,,,100.0,245.0,861.1220000000001,4:05,,115.0,126.0,,23.0
20720636262,2025-10-17 18:12:32,10,,,0.0,0.0,861.1220000000001,N/A,,99.0,103.0,,0.0
20720636262,2025-10-17 18:12:32,11,,,50.0,136.563,997.6850000000001,4:33,,118.0,126.0,,10.0
20720636262,2025-10-17 18:12:32,12,,,0.0,0.0,997.6850000000001,N/A,,104.0,108.0,,0.0
20720636262,2025-10-17 18:12:32,13,,,200.0,468.812,1466.497,3:54,,121.0,131.0,,28.0
20720636262,2025-10-17 18:12:32,14,,,0.0,0.0,1466.497,N/A,,108.0,116.0,,0.0
20720636262,2025-10-17 18:12:32,15,,,50.0,113.751,1580.248,3:47,,123.0,129.0,,12.0
20720636262,2025-10-17 18:12:32,16,,,0.0,0.0,1580.248,N/A,,91.0,113.0,,0.0
20720636262,2025-10-17 18:12:32,17,,,125.0,280.947,1861.1950000000002,3:44,,129.0,146.0,,30.0
20716908350,2025-10-17 09:55:28,1,,,0.0,0.0,0.0,N/A,,93.0,97.0,,0.0
20716908350,2025-10-17 09:55:28,2,,,200.0,426.187,426.187,3:33,,117.0,126.0,,49.0
20716908350,2025-10-17 09:55:28,3,,,0.0,0.0,426.187,N/A,,100.0,112.0,,0.0
20716908350,2025-10-17 09:55:28,4,,,150.0,301.25,727.437,3:20,,113.0,120.0,,36.0
20716908350,2025-10-17 09:55:28,5,,,0.0,0.0,727.437,N/A,,99.0,112.0,,0.0
20716908350,2025-10-17 09:55:28,6,,,25.0,16.563,744.0,1:06,,92.0,94.0,,9.0
20716908350,2025-10-17 09:55:28,7,,,0.0,0.0,744.0,N/A,,91.0,96.0,,0.0
20716908350,2025-10-17 09:55:28,8,,,50.0,103.938,847.938,3:27,,115.0,120.0,,8.0
20716908350,2025-10-17 09:55:28,9,,,0.0,0.0,847.938,N/A,,102.0,115.0,,0.0
20716908350,2025-10-17 09:55:28,10,,,75.0,161.687,1009.625,3:35,,111.0,122.0,,19.0
20716908350,2025-10-17 09:55:28,11,,,0.0,0.0,1009.625,N/A,,118.0,122.0,,0.0
20707886844,2025-10-16 10:52:10,1,,,0.0,0.0,0.0,N/A,,94.0,99.0,,0.0
20707886844,2025-10-16 10:52:10,2,,,200.0,427.312,427.312,3:33,,127.0,147.0,,49.0
20707886844,2025-10-16 10:52:10,3,,,0.0,0.0,427.312,N/A,,103.0,107.0,,0.0
20707886844,2025-10-16 10:52:10,4,,,200.0,445.876,873.188,3:42,,124.0,142.0,,48.0
20707886844,2025-10-16 10:52:10,5,,,0.0,0.0,873.188,N/A,,118.0,121.0,,0.0
20707886844,2025-10-16 10:52:10,6,,,425.0,1032.938,1906.1260000000002,4:03,,126.0,145.0,,100.0
20707886844,2025-10-16 10:52:10,7,,,0.0,0.0,1906.1260000000002,N/A,,99.0,126.0,,0.0
20707886844,2025-10-16 10:52:10,8,,,75.0,193.563,2099.6890000000003,4:18,,122.0,130.0,,16.0
20707886844,2025-10-16 10:52:10,9,,,0.0,0.0,2099.6890000000003,N/A,,106.0,111.0,,0.0
20707886844,2025-10-16 10:52:10,10,,,50.0,101.876,2201.5650000000005,3:23,,132.0,141.0,,14.0
20707886844,2025-10-16 10:52:10,11,,,0.0,0.0,2201.5650000000005,N/A,,109.0,125.0,,0.0
20707886844,2025-10-16 10:52:10,12,,,50.0,84.25,2285.8150000000005,2:48,,133.0,144.0,,14.0
20707886844,2025-10-16 10:52:10,13,,,0.0,0.0,2285.8150000000005,N/A,,99.0,128.0,,0.0
20700565747,2025-10-15 14:49:34,1,,,0.0,0.0,0.0,N/A,,99.0,107.0,,0.0
20700565747,2025-10-15 14:49:34,2,,,250.0,561.313,561.313,3:44,,121.0,136.0,,51.0
20700565747,2025-10-15 14:49:34,3,,,0.0,0.0,561.313,N/A,,113.0,123.0,,0.0
20700565747,2025-10-15 14:49:34,4,,,50.0,106.875,668.188,3:33,,122.0,131.0,,13.0
20700565747,2025-10-15 14:49:34,5,,,0.0,0.0,668.188,N/A,,109.0,115.0,,0.0
20700565747,2025-10-15 14:49:34,6,,,75.0,182.188,850.376,4:02,,123.0,130.0,,17.0
20700565747,2025-10-15 14:49:34,7,,,0.0,0.0,850.376,N/A,,109.0,112.0,,0.0
20700565747,2025-10-15 14:49:34,8,,,25.0,59.438,909.814,3:57,,120.0,126.0,,6.0
20700565747,2025-10-15 14:49:34,9,,,0.0,0.0,909.814,N/A,,110.0,116.0,,0.0
20700565747,2025-10-15 14:49:34,10,,,50.0,123.75,1033.5639999999999,4:07,,119.0,124.0,,11.0
20700565747,2025-10-15 14:49:34,11,,,0.0,0.0,1033.5639999999999,N/A,,107.0,109.0,,0.0
20700565747,2025-10-15 14:49:34,12,,,50.0,118.312,1151.8759999999997,3:56,,119.0,126.0,,12.0
20700565747,2025-10-15 14:49:34,13,,,0.0,0.0,1151.8759999999997,N/A,,107.0,113.0,,0.0
20700565747,2025-10-15 14:49:34,14,,,50.0,133.313,1285.1889999999999,4:26,,120.0,127.0,,11.0
20700565747,2025-10-15 14:49:34,15,,,0.0,0.0,1285.1889999999999,N/A,,110.0,116.0,,0.0
20700565747,2025-10-15 14:49:34,16,,,25.0,35.751,1320.9399999999998,2:23,,129.0,137.0,,7.0
20700565747,2025-10-15 14:49:34,17,,,0.0,0.0,1320.9399999999998,N/A,,127.0,131.0,,0.0
20700565747,2025-10-15 14:49:34,18,,,25.0,70.062,1391.0019999999997,4:40,,126.0,132.0,,5.0
20700565747,2025-10-15 14:49:34,19,,,0.0,0.0,1391.0019999999997,N/A,,106.0,113.0,,0.0
20700565747,2025-10-15 14:49:34,20,,,50.0,116.688,1507.6899999999998,3:53,,125.0,138.0,,12.0
20700565747,2025-10-15 14:49:34,21,,,0.0,0.0,1507.6899999999998,N/A,,110.0,113.0,,0.0
20700565747,2025-10-15 14:49:34,22,,,150.0,338.938,1846.6279999999997,3:45,,125.0,135.0,,36.0
20700565747,2025-10-15 14:49:34,23,,,0.0,0.0,1846.6279999999997,N/A,,103.0,116.0,,0.0
20700565747,2025-10-15 14:49:34,24,,,25.0,53.874,1900.5019999999997,3:35,,122.0,130.0,,6.0
20700565747,2025-10-15 14:49:34,25,,,0.0,0.0,1900.5019999999997,N/A,,126.0,132.0,,0.0
20700565747,2025-10-15 14:49:34,26,,,225.0,539.562,2440.064,3:59,,129.0,140.0,,47.0
20700565747,2025-10-15 14:49:34,27,,,0.0,0.0,2440.064,N/A,,123.0,125.0,,0.0
20692142265,2025-10-14 20:11:33,1,,,0.0,0.0,0.0,N/A,,93.0,99.0,,0.0
20692142265,2025-10-14 20:11:33,2,,,100.0,289.251,289.251,4:49,,126.0,137.0,,20.0
20692142265,2025-10-14 20:11:33,3,,,0.0,0.0,289.251,N/A,,123.0,129.0,,0.0
20692142265,2025-10-14 20:11:33,4,,,100.0,287.813,577.064,4:47,,129.0,138.0,,21.0
20692142265,2025-10-14 20:11:33,5,,,0.0,0.0,577.064,N/A,,98.0,115.0,,0.0
20692142265,2025-10-14 20:11:33,6,,,25.0,65.938,643.002,4:23,,119.0,136.0,,5.0
20692142265,2025-10-14 20:11:33,7,,,0.0,0.0,643.002,N/A,,126.0,132.0,,0.0
20692142265,2025-10-14 20:11:33,8,,,25.0,38.938,681.9399999999999,2:35,,136.0,141.0,,7.0
20692142265,2025-10-14 20:11:33,9,,,0.0,0.0,681.9399999999999,N/A,,122.0,129.0,,0.0
20692142265,2025-10-14 20:11:33,10,,,25.0,47.688,729.6279999999999,3:10,,130.0,139.0,,7.0
20692142265,2025-10-14 20:11:33,11,,,0.0,0.0,729.6279999999999,N/A,,116.0,129.0,,0.0
20692142265,2025-10-14 20:11:33,12,,,25.0,47.313,776.9409999999999,3:09,,116.0,122.0,,7.0
20692142265,2025-10-14 20:11:33,13,,,0.0,0.0,776.9409999999999,N/A,,106.0,115.0,,0.0
20692142265,2025-10-14 20:11:33,14,,,25.0,55.376,832.3169999999999,3:41,,110.0,115.0,,6.0
20692142265,2025-10-14 20:11:33,15,,,0.0,0.0,832.3169999999999,N/A,,97.0,106.0,,0.0
20692142265,2025-10-14 20:11:33,16,,,25.0,50.063,882.3799999999999,3:20,,104.0,109.0,,6.0
20692142265,2025-10-14 20:11:33,17,,,0.0,0.0,882.3799999999999,N/A,,108.0,110.0,,0.0
20692142265,2025-10-14 20:11:33,18,,,50.0,112.625,995.0049999999999,3:45,,113.0,121.0,,12.0
20692142265,2025-10-14 20:11:33,19,,,0.0,0.0,995.0049999999999,N/A,,95.0,108.0,,0.0
20692142265,2025-10-14 20:11:33,20,,,50.0,105.501,1100.5059999999999,3:31,,93.0,101.0,,13.0
20692142265,2025-10-14 20:11:33,21,,,0.0,0.0,1100.5059999999999,N/A,,93.0,98.0,,0.0
20692142265,2025-10-14 20:11:33,22,,,25.0,54.688,1155.194,3:38,,108.0,112.0,,6.0
20692142265,2025-10-14 20:11:33,23,,,0.0,0.0,1155.194,N/A,,93.0,107.0,,0.0
20692142265,2025-10-14 20:11:33,24,,,50.0,43.187,1198.3809999999999,1:26,,99.0,106.0,,17.0
20692142265,2025-10-14 20:11:33,25,,,0.0,0.0,1198.3809999999999,N/A,,79.0,93.0,,0.0
20692142265,2025-10-14 20:11:33,26,,,25.0,26.501,1224.8819999999998,1:46,,74.0,78.0,,8.0
20692142265,2025-10-14 20:11:33,27,,,0.0,0.0,1224.8819999999998,N/A,,71.0,79.0,,0.0
20692142265,2025-10-14 20:11:33,28,,,75.0,190.749,1415.6309999999999,4:14,,107.0,121.0,,17.0
20692142265,2025-10-14 20:11:33,29,,,0.0,0.0,1415.6309999999999,N/A,,97.0,112.0,,0.0
20692142265,2025-10-14 20:11:33,30,,,50.0,118.25,1533.8809999999999,3:56,,110.0,117.0,,12.0
20692142265,2025-10-14 20:11:33,31,,,0.0,0.0,1533.8809999999999,N/A,,106.0,110.0,,0.0
20692142265,2025-10-14 20:11:33,32,,,25.0,63.352,1597.233,4:13,,109.0,113.0,,6.0
20678699316,2025-10-13 12:57:05,1,,,0.0,0.0,0.0,N/A,,101.0,109.0,,0.0
20678699316,2025-10-13 12:57:05,2,,,200.0,439.438,439.438,3:39,,126.0,139.0,,44.0
20678699316,2025-10-13 12:57:05,3,,,0.0,0.0,439.438,N/A,,111.0,122.0,,0.0
20678699316,2025-10-13 12:57:05,4,,,275.0,706.813,1146.251,4:17,,126.0,138.0,,28.0
20678699316,2025-10-13 12:57:05,5,,,0.0,0.0,1146.251,N/A,,115.0,122.0,,0.0
20678699316,2025-10-13 12:57:05,6,,,200.0,488.063,1634.3139999999999,4:04,,128.0,140.0,,43.0
20678699316,2025-10-13 12:57:05,7,,,0.0,0.0,1634.3139999999999,N/A,,107.0,116.0,,0.0
20678699316,2025-10-13 12:57:05,8,,,250.0,533.872,2168.1859999999997,3:33,,127.0,143.0,,59.0
20678699316,2025-10-13 12:57:05,9,,,0.0,0.0,2168.1859999999997,N/A,,107.0,119.0,,0.0
20678699316,2025-10-13 12:57:05,10,,,100.0,226.999,2395.1849999999995,3:46,,135.0,145.0,,24.0
20678699316,2025-10-13 12:57:05,11,,,0.0,0.0,2395.1849999999995,N/A,,133.0,137.0,,0.0
20672256250,2025-10-12 15:04:08,1,,,0.0,0.0,0.0,N/A,,96.0,99.0,,0.0
20672256250,2025-10-12 15:04:08,2,,,200.0,444.313,444.313,3:42,,,,,40.0
20672256250,2025-10-12 15:04:08,3,,,0.0,0.0,444.313,N/A,,,,,0.0
20672256250,2025-10-12 15:04:08,4,,,50.0,113.563,557.876,3:47,,,,,12.0
20672256250,2025-10-12 15:04:08,5,,,0.0,0.0,557.876,N/A,,,,,0.0
20672256250,2025-10-12 15:04:08,6,,,50.0,105.374,663.25,3:30,,,,,12.0
20672256250,2025-10-12 15:04:08,7,,,0.0,0.0,663.25,N/A,,,,,0.0
20672256250,2025-10-12 15:04:08,8,,,25.0,36.313,699.563,2:25,,,,,7.0
20672256250,2025-10-12 15:04:08,9,,,0.0,0.0,699.563,N/A,,,,,0.0
20672256250,2025-10-12 15:04:08,10,,,75.0,106.188,805.751,2:21,,,,,22.0
20672256250,2025-10-12 15:04:08,11,,,0.0,0.0,805.751,N/A,,,,,0.0
20672256250,2025-10-12 15:04:08,12,,,25.0,39.313,845.064,2:37,,,,,7.0
20672256250,2025-10-12 15:04:08,13,,,0.0,0.0,845.064,N/A,,,,,0.0
20660421195,2025-10-11 17:47:34,1,,,25.0,74.497,74.497,4:57,,96.0,104.0,,5.0
20660421195,2025-10-11 17:47:34,2,,,0.0,0.0,74.497,N/A,,97.0,99.0,,0.0
20660421011,2025-10-11 17:41:49,1,,,0.0,0.0,0.0,N/A,,88.0,102.0,,0.0
20660421011,2025-10-11 17:41:49,2,,,50.0,89.938,89.938,2:59,,109.0,120.0,,13.0
20660421011,2025-10-11 17:41:49,3,,,0.0,0.0,89.938,N/A,,97.0,106.0,,0.0
20660421011,2025-10-11 17:41:49,4,,,25.0,27.75,117.688,1:51,,101.0,107.0,,8.0
20660421011,2025-10-11 17:41:49,5,,,0.0,0.0,117.688,N/A,,104.0,114.0,,0.0
20660420646,2025-10-11 17:04:42,1,,,0.0,0.0,0.0,N/A,,79.0,86.0,,0.0
20660420646,2025-10-11 17:04:42,2,,,200.0,434.562,434.562,3:37,,108.0,120.0,,48.0
20660420646,2025-10-11 17:04:42,3,,,0.0,0.0,434.562,N/A,,94.0,103.0,,0.0
20660420646,2025-10-11 17:04:42,4,,,50.0,115.062,549.624,3:50,,115.0,122.0,,12.0
20660420646,2025-10-11 17:04:42,5,,,0.0,0.0,549.624,N/A,,103.0,112.0,,0.0
20660420646,2025-10-11 17:04:42,6,,,75.0,234.001,783.625,5:12,,120.0,131.0,,13.0
20660420646,2025-10-11 17:04:42,7,,,0.0,0.0,783.625,N/A,,118.0,129.0,,0.0
20660420646,2025-10-11 17:04:42,8,,,50.0,111.124,894.749,3:42,,126.0,136.0,,12.0
20660420646,2025-10-11 17:04:42,9,,,0.0,0.0,894.749,N/A,,107.0,118.0,,0.0
20660420646,2025-10-11 17:04:42,10,,,50.0,128.125,1022.874,4:16,,122.0,135.0,,11.0
20660420646,2025-10-11 17:04:42,11,,,0.0,0.0,1022.874,N/A,,88.0,114.0,,0.0
20660420646,2025-10-11 17:04:42,12,,,25.0,45.313,1068.1870000000001,3:01,,106.0,120.0,,7.0
20660420646,2025-10-11 17:04:42,13,,,0.0,0.0,1068.1870000000001,N/A,,112.0,117.0,,0.0
20660420646,2025-10-11 17:04:42,14,,,25.0,45.5,1113.6870000000001,3:02,,122.0,124.0,,7.0
20660420646,2025-10-11 17:04:42,15,,,0.0,0.0,1113.6870000000001,N/A,,108.0,118.0,,0.0
20660420646,2025-10-11 17:04:42,16,,,50.0,111.313,1225.0000000000002,3:42,,114.0,124.0,,12.0
20660420646,2025-10-11 17:04:42,17,,,0.0,0.0,1225.0000000000002,N/A,,106.0,120.0,,0.0
20660420646,2025-10-11 17:04:42,18,,,0.0,0.0,1225.0000000000002,N/A,,106.0,106.0,,0.0
20660420646,2025-10-11 17:04:42,19,,,0.0,0.0,1225.0000000000002,N/A,,98.0,113.0,,0.0
20660420646,2025-10-11 17:04:42,20,,,25.0,60.125,1285.1250000000002,4:00,,110.0,120.0,,6.0
20660420646,2025-10-11 17:04:42,21,,,0.0,0.0,1285.1250000000002,N/A,,94.0,104.0,,0.0
20660420646,2025-10-11 17:04:42,22,,,50.0,118.749,1403.8740000000003,3:57,,119.0,132.0,,12.0
20660420646,2025-10-11 17:04:42,23,,,0.0,0.0,1403.8740000000003,N/A,,103.0,115.0,,0.0
20660420646,2025-10-11 17:04:42,24,,,25.0,37.877,1441.7510000000002,2:31,,95.0,99.0,,7.0
20651110538,2025-10-10 16:50:06,1,,,50.0,129.874,129.874,4:19,,110.0,129.0,,11.0
20651110538,2025-10-10 16:50:06,2,,,0.0,0.0,129.874,N/A,,105.0,111.0,,0.0
20651110538,2025-10-10 16:50:06,3,,,125.0,276.063,405.937,3:40,,115.0,124.0,,29.0
20651110538,2025-10-10 16:50:06,4,,,0.0,0.0,405.937,N/A,,100.0,109.0,,0.0
20651110538,2025-10-10 16:50:06,5,,,175.0,443.562,849.499,4:13,,116.0,129.0,,39.0
20651110538,2025-10-10 16:50:06,6,,,0.0,0.0,849.499,N/A,,106.0,113.0,,0.0
20651110538,2025-10-10 16:50:06,7,,,50.0,121.188,970.687,4:02,,114.0,121.0,,12.0
20651110538,2025-10-10 16:50:06,8,,,0.0,0.0,970.687,N/A,,98.0,112.0,,0.0
20651110538,2025-10-10 16:50:06,9,,,50.0,41.5,1012.187,1:23,,116.0,119.0,,17.0
20651110538,2025-10-10 16:50:06,10,,,0.0,0.0,1012.187,N/A,,108.0,117.0,,0.0
20651110538,2025-10-10 16:50:06,11,,,50.0,131.813,1144.0,4:23,,151.0,171.0,,11.0
20651110538,2025-10-10 16:50:06,12,,,0.0,0.0,1144.0,N/A,,103.0,159.0,,0.0
20651110538,2025-10-10 16:50:06,13,,,25.0,77.75,1221.75,5:11,,116.0,127.0,,5.0
20651110538,2025-10-10 16:50:06,14,,,0.0,0.0,1221.75,N/A,,101.0,117.0,,0.0
20651110538,2025-10-10 16:50:06,15,,,50.0,118.563,1340.313,3:57,,119.0,138.0,,2.0
20651110538,2025-10-10 16:50:06,16,,,0.0,0.0,1340.313,N/A,,96.0,135.0,,0.0
20651110538,2025-10-10 16:50:06,17,,,50.0,122.188,1462.5010000000002,4:04,,129.0,149.0,,11.0
20651110538,2025-10-10 16:50:06,18,,,0.0,0.0,1462.5010000000002,N/A,,108.0,134.0,,0.0
20651110538,2025-10-10 16:50:06,19,,,25.0,29.874,1492.3750000000002,1:59,,119.0,128.0,,8.0
20651110538,2025-10-10 16:50:06,20,,,0.0,0.0,1492.3750000000002,N/A,,114.0,121.0,,0.0
20651110538,2025-10-10 16:50:06,21,,,25.0,49.625,1542.0000000000002,3:18,,127.0,135.0,,7.0
20651110538,2025-10-10 16:50:06,22,,,0.0,0.0,1542.0000000000002,N/A,,103.0,121.0,,0.0
20651110538,2025-10-10 16:50:06,23,,,75.0,174.688,1716.688,3:52,,132.0,147.0,,17.0
20651110538,2025-10-10 16:50:06,24,,,0.0,0.0,1716.688,N/A,,140.0,144.0,,0.0
20651110538,2025-10-10 16:50:06,25,,,100.0,175.125,1891.813,2:55,,131.0,146.0,,28.0
20651110538,2025-10-10 16:50:06,26,,,0.0,0.0,1891.813,N/A,,106.0,116.0,,0.0
20651110538,2025-10-10 16:50:06,27,,,50.0,125.374,2017.1870000000001,4:10,,127.0,142.0,,11.0
20651110538,2025-10-10 16:50:06,28,,,0.0,0.0,2017.1870000000001,N/A,,108.0,130.0,,0.0
20651110538,2025-10-10 16:50:06,29,,,75.0,153.375,2170.562,3:24,,109.0,123.0,,19.0
20651110538,2025-10-10 16:50:06,30,,,0.0,0.0,2170.562,N/A,,94.0,102.0,,0.0
20651110538,2025-10-10 16:50:06,31,,,25.0,34.499,2205.0609999999997,2:17,,118.0,127.0,,8.0
20651110538,2025-10-10 16:50:06,32,,,0.0,0.0,2205.0609999999997,N/A,,115.0,122.0,,0.0
20651110538,2025-10-10 16:50:06,33,,,25.0,44.938,2249.999,2:59,,123.0,126.0,,7.0
20651110538,2025-10-10 16:50:06,34,,,0.0,0.0,2249.999,N/A,,122.0,126.0,,0.0
20632521920,2025-10-08 21:28:09,1,,,0.0,0.0,0.0,N/A,,86.0,91.0,,0.0
20632521920,2025-10-08 21:28:09,2,,,25.0,50.687,50.687,3:22,,100.0,115.0,,5.0
20632521920,2025-10-08 21:28:09,3,,,0.0,0.0,50.687,N/A,,100.0,104.0,,0.0
20632521920,2025-10-08 21:28:09,4,,,25.0,56.624,107.311,3:46,,118.0,128.0,,6.0
20632521920,2025-10-08 21:28:09,5,,,0.0,0.0,107.311,N/A,,103.0,111.0,,0.0
20632521920,2025-10-08 21:28:09,6,,,25.0,33.438,140.74900000000002,2:13,,93.0,97.0,,8.0
20632521920,2025-10-08 21:28:09,7,,,0.0,0.0,140.74900000000002,N/A,,78.0,92.0,,0.0
20632521920,2025-10-08 21:28:09,8,,,50.0,48.251,189.00000000000003,1:36,,94.0,108.0,,16.0
20632521920,2025-10-08 21:28:09,9,,,0.0,0.0,189.00000000000003,N/A,,92.0,104.0,,0.0
20632521920,2025-10-08 21:28:09,10,,,25.0,46.876,235.87600000000003,3:07,,101.0,111.0,,7.0
20632521920,2025-10-08 21:28:09,11,,,0.0,0.0,235.87600000000003,N/A,,78.0,100.0,,0.0
20632521920,2025-10-08 21:28:09,12,,,25.0,38.063,273.939,2:32,,70.0,78.0,,7.0
20632521920,2025-10-08 21:28:09,13,,,0.0,0.0,273.939,N/A,,64.0,65.0,,0.0
20632521217,2025-10-08 21:07:18,1,,,0.0,0.0,0.0,N/A,,81.0,91.0,,0.0
20632521217,2025-10-08 21:07:18,2,,,50.0,168.188,168.188,5:36,,109.0,126.0,,8.0
20632521217,2025-10-08 21:07:18,3,,,0.0,0.0,168.188,N/A,,113.0,117.0,,0.0
20632521217,2025-10-08 21:07:18,4,,,25.0,41.062,209.25,2:44,,115.0,121.0,,7.0
20632521217,2025-10-08 21:07:18,5,,,0.0,0.0,209.25,N/A,,113.0,117.0,,0.0
20632521217,2025-10-08 21:07:18,6,,,50.0,49.062,258.312,1:38,,107.0,118.0,,17.0
20632521217,2025-10-08 21:07:18,7,,,0.0,0.0,258.312,N/A,,89.0,100.0,,0.0
20632521217,2025-10-08 21:07:18,8,,,25.0,36.624,294.93600000000004,2:26,,91.0,96.0,,7.0
20632521217,2025-10-08 21:07:18,9,,,0.0,0.0,294.93600000000004,N/A,,86.0,93.0,,0.0
20632521217,2025-10-08 21:07:18,10,,,50.0,55.626,350.562,1:51,,90.0,93.0,,16.0
20632521217,2025-10-08 21:07:18,11,,,0.0,0.0,350.562,N/A,,90.0,93.0,,0.0
20632521217,2025-10-08 21:07:18,12,,,75.0,226.188,576.75,5:01,,107.0,123.0,,14.0
20632521217,2025-10-08 21:07:18,13,,,0.0,0.0,576.75,N/A,,83.0,98.0,,0.0
20632521217,2025-10-08 21:07:18,14,,,25.0,25.688,602.438,1:42,,78.0,81.0,,8.0
20632521217,2025-10-08 21:07:18,15,,,0.0,0.0,602.438,N/A,,79.0,85.0,,0.0
20632521217,2025-10-08 21:07:18,16,,,0.0,0.0,602.438,N/A,,77.0,79.0,,0.0
20632521217,2025-10-08 21:07:18,17,,,0.0,0.0,602.438,N/A,,78.0,92.0,,0.0
20625961876,2025-10-08 07:19:10,1,,,0.0,0.0,0.0,N/A,,92.0,105.0,,0.0
20625961876,2025-10-08 07:19:10,2,,,400.0,920.001,920.001,3:50,,117.0,126.0,,95.0
20625961876,2025-10-08 07:19:10,3,,,0.0,0.0,920.001,N/A,,94.0,112.0,,0.0
20625961876,2025-10-08 07:19:10,4,,,350.0,813.374,1733.375,3:52,,118.0,132.0,,82.0
20625961876,2025-10-08 07:19:10,5,,,0.0,0.0,1733.375,N/A,,110.0,114.0,,0.0
20625961876,2025-10-08 07:19:10,6,,,50.0,118.563,1851.938,3:57,,121.0,132.0,,11.0
20625961876,2025-10-08 07:19:10,7,,,0.0,0.0,1851.938,N/A,,94.0,114.0,,0.0
20625961876,2025-10-08 07:19:10,8,,,225.0,589.124,2441.062,4:21,,113.0,129.0,,49.0
20625961876,2025-10-08 07:19:10,9,,,0.0,0.0,2441.062,N/A,,127.0,129.0,,0.0
20607148526,2025-10-06 11:44:51,1,,,0.0,0.0,0.0,N/A,,106.0,109.0,,0.0
20607148526,2025-10-06 11:44:51,2,,,325.0,749.625,749.625,3:50,,124.0,135.0,,75.0
20607148526,2025-10-06 11:44:51,3,,,0.0,0.0,749.625,N/A,,112.0,115.0,,0.0
20607148526,2025-10-06 11:44:51,4,,,75.0,192.25,941.875,4:16,,113.0,121.0,,16.0
20607148526,2025-10-06 11:44:51,5,,,0.0,0.0,941.875,N/A,,98.0,103.0,,0.0
20607148526,2025-10-06 11:44:51,6,,,75.0,231.188,1173.063,5:08,,121.0,130.0,,14.0
20607148526,2025-10-06 11:44:51,7,,,0.0,0.0,1173.063,N/A,,105.0,109.0,,0.0
20607148526,2025-10-06 11:44:51,8,,,50.0,103.688,1276.7510000000002,3:27,,126.0,136.0,,13.0
20607148526,2025-10-06 11:44:51,9,,,0.0,0.0,1276.7510000000002,N/A,,124.0,126.0,,0.0
20601150437,2025-10-05 17:37:25,1,,,125.0,266.685,266.685,3:33,,124.0,138.0,,30.0
20601150437,2025-10-05 17:37:25,2,,,0.0,0.0,266.685,N/A,,116.0,131.0,,0.0
20601150437,2025-10-05 17:37:25,3,,,50.0,132.562,399.247,4:25,,128.0,135.0,,10.0
20601150437,2025-10-05 17:37:25,4,,,0.0,0.0,399.247,N/A,,97.0,118.0,,0.0
20601150437,2025-10-05 17:37:25,5,,,50.0,54.874,454.12100000000004,1:49,,112.0,119.0,,11.0
20601150437,2025-10-05 17:37:25,6,,,0.0,0.0,454.12100000000004,N/A,,101.0,104.0,,0.0
20601150437,2025-10-05 17:37:25,7,,,25.0,48.313,502.434,3:13,,129.0,141.0,,5.0
20601150437,2025-10-05 17:37:25,8,,,0.0,0.0,502.434,N/A,,124.0,130.0,,0.0
20601150437,2025-10-05 17:37:25,9,,,25.0,60.751,563.1850000000001,4:03,,129.0,139.0,,6.0
20601150437,2025-10-05 17:37:25,10,,,0.0,0.0,563.1850000000001,N/A,,97.0,112.0,,0.0
20601150437,2025-10-05 17:37:25,11,,,25.0,50.749,613.9340000000001,3:22,,109.0,115.0,,6.0
20601150437,2025-10-05 17:37:25,12,,,0.0,0.0,613.9340000000001,N/A,,105.0,111.0,,0.0
20601150437,2025-10-05 17:37:25,13,,,25.0,11.562,625.4960000000001,0:46,,98.0,99.0,,9.0
20601150437,2025-10-05 17:37:25,14,,,0.0,0.0,625.4960000000001,N/A,,94.0,98.0,,0.0
20601150437,2025-10-05 17:37:25,15,,,25.0,46.188,671.6840000000001,3:04,,102.0,109.0,,5.0
20601150437,2025-10-05 17:37:25,16,,,0.0,0.0,671.6840000000001,N/A,,102.0,109.0,,0.0
20601150437,2025-10-05 17:37:25,17,,,25.0,50.751,722.4350000000001,3:23,,127.0,140.0,,6.0
20601150437,2025-10-05 17:37:25,18,,,0.0,0.0,722.4350000000001,N/A,,120.0,137.0,,0.0
20601150437,2025-10-05 17:37:25,19,,,50.0,121.313,843.748,4:02,,142.0,157.0,,12.0
20601150437,2025-10-05 17:37:25,20,,,0.0,0.0,843.748,N/A,,141.0,148.0,,0.0
20601150437,2025-10-05 17:37:25,21,,,25.0,62.563,906.311,4:10,,150.0,158.0,,6.0
20601150437,2025-10-05 17:37:25,22,,,0.0,0.0,906.311,N/A,,95.0,141.0,,0.0
20601150437,2025-10-05 17:37:25,23,,,50.0,138.938,1045.249,4:37,,139.0,159.0,,11.0
20601150437,2025-10-05 17:37:25,24,,,0.0,0.0,1045.249,N/A,,131.0,134.0,,0.0
20601150437,2025-10-05 17:37:25,25,,,200.0,505.313,1550.562,4:12,,140.0,156.0,,45.0
20601150437,2025-10-05 17:37:25,26,,,0.0,0.0,1550.562,N/A,,97.0,128.0,,0.0
20601150437,2025-10-05 17:37:25,27,,,25.0,51.126,1601.6879999999999,3:24,,119.0,133.0,,5.0
20601150437,2025-10-05 17:37:25,28,,,0.0,0.0,1601.6879999999999,N/A,,127.0,137.0,,0.0
20601150437,2025-10-05 17:37:25,29,,,125.0,341.75,1943.4379999999999,4:33,,142.0,159.0,,26.0
20601150437,2025-10-05 17:37:25,30,,,0.0,0.0,1943.4379999999999,N/A,,125.0,141.0,,0.0
20601147941,2025-10-05 17:29:26,1,,,200.0,451.56,451.56,3:45,,119.0,129.0,,42.0
20601147941,2025-10-05 17:29:26,2,,,0.0,0.0,451.56,N/A,,118.0,118.0,,0.0
20591048101,2025-10-04 18:51:35,1,,,0.0,0.0,0.0,N/A,,89.0,97.0,,0.0
20591048101,2025-10-04 18:51:35,2,,,100.0,257.251,257.251,4:17,,118.0,134.0,,22.0
20591048101,2025-10-04 18:51:35,3,,,0.0,0.0,257.251,N/A,,95.0,101.0,,0.0
20591048101,2025-10-04 18:51:35,4,,,25.0,34.875,292.126,2:19,,108.0,114.0,,8.0
20591048101,2025-10-04 18:51:35,5,,,0.0,0.0,292.126,N/A,,98.0,105.0,,0.0
20591048101,2025-10-04 18:51:35,6,,,75.0,77.313,369.43899999999996,1:43,,92.0,96.0,,25.0
20591048101,2025-10-04 18:51:35,7,,,0.0,0.0,369.43899999999996,N/A,,92.0,94.0,,0.0
20591048101,2025-10-04 18:51:35,8,,,50.0,129.626,499.06499999999994,4:19,,116.0,128.0,,11.0
20591048101,2025-10-04 18:51:35,9,,,0.0,0.0,499.06499999999994,N/A,,101.0,111.0,,0.0
20591048101,2025-10-04 18:51:35,10,,,25.0,52.126,551.1909999999999,3:28,,106.0,118.0,,6.0
20591048101,2025-10-04 18:51:35,11,,,0.0,0.0,551.1909999999999,N/A,,95.0,101.0,,0.0
20591048101,2025-10-04 18:51:35,12,,,25.0,59.25,610.4409999999999,3:57,,110.0,116.0,,6.0
20591048101,2025-10-04 18:51:35,13,,,0.0,0.0,610.4409999999999,N/A,,98.0,101.0,,0.0
20591048101,2025-10-04 18:51:35,14,,,25.0,29.501,639.9419999999999,1:58,,114.0,120.0,,8.0
20591048101,2025-10-04 18:51:35,15,,,0.0,0.0,639.9419999999999,N/A,,108.0,111.0,,0.0
20591048101,2025-10-04 18:51:35,16,,,25.0,65.438,705.3799999999999,4:21,,112.0,118.0,,5.0
20591048101,2025-10-04 18:51:35,17,,,0.0,0.0,705.3799999999999,N/A,,101.0,109.0,,0.0
20591048101,2025-10-04 18:51:35,18,,,25.0,33.625,739.0049999999999,2:14,,91.0,100.0,,7.0
20591048101,2025-10-04 18:51:35,19,,,0.0,0.0,739.0049999999999,N/A,,85.0,88.0,,0.0
20591048101,2025-10-04 18:51:35,20,,,50.0,63.437,802.4419999999999,2:06,,93.0,103.0,,13.0
20591048101,2025-10-04 18:51:35,21,,,0.0,0.0,802.4419999999999,N/A,,89.0,100.0,,0.0
20591048101,2025-10-04 18:51:35,22,,,25.0,58.375,860.8169999999999,3:53,,111.0,121.0,,6.0
20591048101,2025-10-04 18:51:35,23,,,0.0,0.0,860.8169999999999,N/A,,80.0,104.0,,0.0
20591048101,2025-10-04 18:51:35,24,,,50.0,26.0,886.8169999999999,0:52,,73.0,75.0,,18.0
20591048101,2025-10-04 18:51:35,25,,,0.0,0.0,886.8169999999999,N/A,,78.0,83.0,,0.0
20591048101,2025-10-04 18:51:35,26,,,25.0,19.187,906.0039999999999,1:16,,72.0,74.0,,9.0
20591048101,2025-10-04 18:51:35,27,,,0.0,0.0,906.0039999999999,N/A,,65.0,72.0,,0.0
20591048101,2025-10-04 18:51:35,28,,,25.0,59.0,965.0039999999999,3:56,,94.0,114.0,,6.0
20591048101,2025-10-04 18:51:35,29,,,0.0,0.0,965.0039999999999,N/A,,86.0,102.0,,0.0
20591048101,2025-10-04 18:51:35,30,,,75.0,181.001,1146.0049999999999,4:01,,128.0,141.0,,16.0
20591048101,2025-10-04 18:51:35,31,,,0.0,0.0,1146.0049999999999,N/A,,117.0,127.0,,0.0
20591048101,2025-10-04 18:51:35,32,,,50.0,128.188,1274.1929999999998,4:16,,129.0,138.0,,11.0
20591048101,2025-10-04 18:51:35,33,,,0.0,0.0,1274.1929999999998,N/A,,115.0,124.0,,0.0
20591048101,2025-10-04 18:51:35,34,,,25.0,57.938,1332.1309999999999,3:51,,130.0,138.0,,6.0
20591048101,2025-10-04 18:51:35,35,,,0.0,0.0,1332.1309999999999,N/A,,103.0,127.0,,0.0
20591048101,2025-10-04 18:51:35,36,,,25.0,53.249,1385.3799999999999,3:32,,118.0,131.0,,6.0
20591048101,2025-10-04 18:51:35,37,,,0.0,0.0,1385.3799999999999,N/A,,117.0,121.0,,0.0
20591048101,2025-10-04 18:51:35,38,,,50.0,121.188,1506.568,4:02,,136.0,145.0,,10.0
20591048101,2025-10-04 18:51:35,39,,,0.0,0.0,1506.568,N/A,,129.0,131.0,,0.0
20591048101,2025-10-04 18:51:35,40,,,25.0,56.125,1562.693,3:44,,121.0,132.0,,6.0
20591048101,2025-10-04 18:51:35,41,,,0.0,0.0,1562.693,N/A,,95.0,104.0,,0.0
20591048101,2025-10-04 18:51:35,42,,,50.0,54.626,1617.319,1:49,,96.0,100.0,,16.0
20591048101,2025-10-04 18:51:35,43,,,0.0,0.0,1617.319,N/A,,90.0,94.0,,0.0
20591048101,2025-10-04 18:51:35,44,,,25.0,43.313,1660.632,2:53,,81.0,85.0,,7.0
20591048101,2025-10-04 18:51:35,45,,,0.0,0.0,1660.632,N/A,,85.0,92.0,,0.0
20591048101,2025-10-04 18:51:35,46,,,50.0,59.624,1720.256,1:59,,104.0,109.0,,16.0
20591048101,2025-10-04 18:51:35,47,,,0.0,0.0,1720.256,N/A,,99.0,105.0,,0.0
20591048101,2025-10-04 18:51:35,48,,,25.0,29.938,1750.1940000000002,1:59,,109.0,116.0,,8.0
20591048101,2025-10-04 18:51:35,49,,,0.0,0.0,1750.1940000000002,N/A,,96.0,103.0,,0.0
20591048101,2025-10-04 18:51:35,50,,,25.0,36.813,1787.0070000000003,2:27,,93.0,99.0,,7.0
20591048101,2025-10-04 18:51:35,51,,,0.0,0.0,1787.0070000000003,N/A,,96.0,102.0,,0.0
20591048101,2025-10-04 18:51:35,52,,,25.0,52.374,1839.3810000000003,3:29,,118.0,126.0,,6.0
20591048101,2025-10-04 18:51:35,53,,,0.0,0.0,1839.3810000000003,N/A,,97.0,116.0,,0.0
20591048101,2025-10-04 18:51:35,54,,,0.0,0.0,1839.3810000000003,N/A,,96.0,96.0,,0.0
20591048101,2025-10-04 18:51:35,55,,,0.0,0.0,1839.3810000000003,N/A,,89.0,94.0,,0.0
20591048101,2025-10-04 18:51:35,56,,,50.0,52.354,1891.7350000000004,1:44,,98.0,106.0,,13.0
20581172274,2025-10-03 17:44:24,1,,,200.0,528.185,528.185,4:24,,123.0,140.0,,42.0
20581172274,2025-10-03 17:44:24,2,,,0.0,0.0,528.185,N/A,,101.0,116.0,,0.0
20581172274,2025-10-03 17:44:24,3,,,150.0,384.188,912.3729999999999,4:16,,137.0,149.0,,32.0
20581172274,2025-10-03 17:44:24,4,,,0.0,0.0,912.3729999999999,N/A,,129.0,135.0,,0.0
20581172274,2025-10-03 17:44:24,5,,,50.0,142.313,1054.686,4:44,,140.0,148.0,,10.0
20581172274,2025-10-03 17:44:24,6,,,0.0,0.0,1054.686,N/A,,116.0,133.0,,0.0
20581172274,2025-10-03 17:44:24,7,,,200.0,510.75,1565.436,4:15,,147.0,158.0,,41.0
20581172274,2025-10-03 17:44:24,8,,,0.0,0.0,1565.436,N/A,,126.0,147.0,,0.0
20581172274,2025-10-03 17:44:24,9,,,200.0,513.501,2078.937,4:16,,148.0,161.0,,43.0
20581172274,2025-10-03 17:44:24,10,,,0.0,0.0,2078.937,N/A,,133.0,143.0,,0.0
20581172274,2025-10-03 17:44:24,11,,,200.0,493.938,2572.875,4:06,,152.0,163.0,,47.0
20581172274,2025-10-03 17:44:24,12,,,0.0,0.0,2572.875,N/A,,147.0,150.0,,0.0
20581169573,2025-10-03 17:40:33,1,,,0.0,0.0,0.0,N/A,,86.0,99.0,,0.0
20581169573,2025-10-03 17:40:33,2,,,50.0,51.999,51.999,1:43,,112.0,121.0,,16.0
20581169573,2025-10-03 17:40:33,3,,,0.0,0.0,51.999,N/A,,114.0,118.0,,0.0
20581169573,2025-10-03 17:40:33,4,,,50.0,87.816,139.815,2:55,,114.0,124.0,,14.0
20572167864,2025-10-02 17:41:07,1,,,0.0,0.0,0.0,N/A,,90.0,96.0,,0.0
20572167864,2025-10-02 17:41:07,2,,,25.0,63.75,63.75,4:14,,109.0,120.0,,6.0
20572167864,2025-10-02 17:41:07,3,,,0.0,0.0,63.75,N/A,,114.0,121.0,,0.0
20572167864,2025-10-02 17:41:07,4,,,25.0,58.499,122.249,3:53,,125.0,130.0,,6.0
20572167864,2025-10-02 17:41:07,5,,,0.0,0.0,122.249,N/A,,106.0,116.0,,0.0
20572167864,2025-10-02 17:41:07,6,,,50.0,114.313,236.562,3:48,,119.0,131.0,,12.0
20572167864,2025-10-02 17:41:07,7,,,0.0,0.0,236.562,N/A,,109.0,125.0,,0.0
20572167864,2025-10-02 17:41:07,8,,,150.0,333.063,569.625,3:42,,122.0,132.0,,37.0
20572167864,2025-10-02 17:41:07,9,,,0.0,0.0,569.625,N/A,,106.0,111.0,,0.0
20572167864,2025-10-02 17:41:07,10,,,50.0,140.063,709.688,4:40,,116.0,126.0,,10.0
20572167864,2025-10-02 17:41:07,11,,,0.0,0.0,709.688,N/A,,103.0,108.0,,0.0
20572167864,2025-10-02 17:41:07,12,,,150.0,390.813,1100.501,4:20,,118.0,137.0,,27.0
20572167864,2025-10-02 17:41:07,13,,,0.0,0.0,1100.501,N/A,,100.0,105.0,,0.0
20572167864,2025-10-02 17:41:07,14,,,25.0,63.624,1164.125,4:14,,108.0,112.0,,6.0
20572167864,2025-10-02 17:41:07,15,,,0.0,0.0,1164.125,N/A,,99.0,103.0,,0.0
20572167864,2025-10-02 17:41:07,16,,,25.0,51.688,1215.813,3:26,,111.0,120.0,,6.0
20572167864,2025-10-02 17:41:07,17,,,0.0,0.0,1215.813,N/A,,102.0,108.0,,0.0
20572167864,2025-10-02 17:41:07,18,,,25.0,42.375,1258.188,2:49,,105.0,109.0,,7.0
20572167864,2025-10-02 17:41:07,19,,,0.0,0.0,1258.188,N/A,,107.0,116.0,,0.0
20572167864,2025-10-02 17:41:07,20,,,25.0,22.687,1280.875,1:30,,118.0,121.0,,8.0
20572167864,2025-10-02 17:41:07,21,,,0.0,0.0,1280.875,N/A,,121.0,127.0,,0.0
20572167864,2025-10-02 17:41:07,22,,,25.0,48.124,1328.999,3:12,,132.0,140.0,,7.0
20572167864,2025-10-02 17:41:07,23,,,0.0,0.0,1328.999,N/A,,122.0,129.0,,0.0
20572167864,2025-10-02 17:41:07,24,,,25.0,38.251,1367.25,2:33,,129.0,132.0,,7.0
20572167864,2025-10-02 17:41:07,25,,,0.0,0.0,1367.25,N/A,,113.0,122.0,,0.0
20572167864,2025-10-02 17:41:07,26,,,25.0,32.688,1399.938,2:10,,125.0,131.0,,8.0
20572167864,2025-10-02 17:41:07,27,,,0.0,0.0,1399.938,N/A,,103.0,117.0,,0.0
20572167864,2025-10-02 17:41:07,28,,,25.0,53.875,1453.813,3:35,,117.0,124.0,,6.0
20572167864,2025-10-02 17:41:07,29,,,0.0,0.0,1453.813,N/A,,110.0,114.0,,0.0
20572167864,2025-10-02 17:41:07,30,,,50.0,103.376,1557.189,3:26,,125.0,132.0,,14.0
20572167864,2025-10-02 17:41:07,31,,,0.0,0.0,1557.189,N/A,,117.0,119.0,,0.0
20572167864,2025-10-02 17:41:07,32,,,75.0,161.813,1719.002,3:35,,132.0,142.0,,20.0
20572167864,2025-10-02 17:41:07,33,,,0.0,0.0,1719.002,N/A,,130.0,136.0,,0.0
20572167864,2025-10-02 17:41:07,34,,,125.0,285.312,2004.3139999999999,3:48,,137.0,146.0,,31.0
20572167864,2025-10-02 17:41:07,35,,,0.0,0.0,2004.3139999999999,N/A,,110.0,126.0,,0.0
20572167864,2025-10-02 17:41:07,36,,,50.0,125.938,2130.252,4:11,,86.0,99.0,,11.0
20572167864,2025-10-02 17:41:07,37,,,0.0,0.0,2130.252,N/A,,79.0,83.0,,0.0
20572167864,2025-10-02 17:41:07,38,,,50.0,119.374,2249.6259999999997,3:58,,100.0,115.0,,7.0
20572167864,2025-10-02 17:41:07,39,,,0.0,0.0,2249.6259999999997,N/A,,98.0,100.0,,0.0
20562575154,2025-10-01 19:23:54,1,,,0.0,0.0,0.0,N/A,,99.0,102.0,,0.0
20562575154,2025-10-01 19:23:54,2,,,25.0,49.938,49.938,3:19,,112.0,123.0,,5.0
20562575154,2025-10-01 19:23:54,3,,,0.0,0.0,49.938,N/A,,103.0,109.0,,0.0
20562575154,2025-10-01 19:23:54,4,,,50.0,133.938,183.87599999999998,4:27,,123.0,132.0,,10.0
20562575154,2025-10-01 19:23:54,5,,,0.0,0.0,183.87599999999998,N/A,,115.0,119.0,,0.0
20562575154,2025-10-01 19:23:54,6,,,75.0,185.688,369.56399999999996,4:07,,122.0,127.0,,11.0
20562575154,2025-10-01 19:23:54,7,,,0.0,0.0,369.56399999999996,N/A,,103.0,113.0,,0.0
20562575154,2025-10-01 19:23:54,8,,,25.0,55.251,424.81499999999994,3:41,,104.0,112.0,,6.0
20562575154,2025-10-01 19:23:54,9,,,0.0,0.0,424.81499999999994,N/A,,100.0,106.0,,0.0
20562575154,2025-10-01 19:23:54,10,,,75.0,206.126,630.9409999999999,4:34,,105.0,114.0,,11.0
20562575154,2025-10-01 19:23:54,11,,,0.0,0.0,630.9409999999999,N/A,,98.0,107.0,,0.0
20562575154,2025-10-01 19:23:54,12,,,25.0,52.813,683.7539999999999,3:31,,115.0,120.0,,6.0
20562575154,2025-10-01 19:23:54,13,,,0.0,0.0,683.7539999999999,N/A,,108.0,113.0,,0.0
20562575154,2025-10-01 19:23:54,14,,,150.0,305.251,989.0049999999999,3:23,,115.0,130.0,,30.0
20562575154,2025-10-01 19:23:54,15,,,0.0,0.0,989.0049999999999,N/A,,106.0,112.0,,0.0
20562575154,2025-10-01 19:23:54,16,,,25.0,59.876,1048.8809999999999,3:59,,125.0,131.0,,5.0
20562575154,2025-10-01 19:23:54,17,,,0.0,0.0,1048.8809999999999,N/A,,114.0,118.0,,0.0
20562575154,2025-10-01 19:23:54,18,,,50.0,123.938,1172.819,4:07,,124.0,130.0,,10.0
20562575154,2025-10-01 19:23:54,19,,,0.0,0.0,1172.819,N/A,,99.0,112.0,,0.0
20562575154,2025-10-01 19:23:54,20,,,25.0,58.188,1231.007,3:52,,111.0,118.0,,5.0
20562575154,2025-10-01 19:23:54,21,,,0.0,0.0,1231.007,N/A,,102.0,106.0,,0.0
20562575154,2025-10-01 19:23:54,22,,,50.0,107.938,1338.9450000000002,3:35,,113.0,120.0,,10.0
20562575154,2025-10-01 19:23:54,23,,,0.0,0.0,1338.9450000000002,N/A,,96.0,101.0,,0.0
20562575154,2025-10-01 19:23:54,24,,,25.0,61.562,1400.507,4:06,,109.0,114.0,,5.0
20562575154,2025-10-01 19:23:54,25,,,0.0,0.0,1400.507,N/A,,101.0,103.0,,0.0
20562575154,2025-10-01 19:23:54,26,,,25.0,62.5,1463.007,4:10,,112.0,122.0,,5.0
20562575154,2025-10-01 19:23:54,27,,,0.0,0.0,1463.007,N/A,,83.0,102.0,,0.0
20562575154,2025-10-01 19:23:54,28,,,25.0,60.938,1523.9450000000002,4:03,,106.0,115.0,,1.0
20562575154,2025-10-01 19:23:54,29,,,0.0,0.0,1523.9450000000002,N/A,,98.0,108.0,,0.0
20562575154,2025-10-01 19:23:54,30,,,25.0,59.688,1583.6330000000003,3:58,,101.0,112.0,,6.0
20562575154,2025-10-01 19:23:54,31,,,0.0,0.0,1583.6330000000003,N/A,,93.0,102.0,,0.0
20562575154,2025-10-01 19:23:54,32,,,25.0,123.001,1706.6340000000002,8:12,,107.0,121.0,,1.0
20562575154,2025-10-01 19:23:54,33,,,0.0,0.0,1706.6340000000002,N/A,,94.0,100.0,,0.0
20562575154,2025-10-01 19:23:54,34,,,200.0,485.188,2191.822,4:02,,97.0,131.0,,47.0
20562575154,2025-10-01 19:23:54,35,,,0.0,0.0,2191.822,N/A,,93.0,98.0,,0.0
20562575154,2025-10-01 19:23:54,36,,,25.0,59.063,2250.885,3:56,,113.0,128.0,,1.0
20562575154,2025-10-01 19:23:54,37,,,0.0,0.0,2250.885,N/A,,106.0,116.0,,0.0
20562575154,2025-10-01 19:23:54,38,,,25.0,52.062,2302.947,3:28,,119.0,123.0,,6.0
20562575154,2025-10-01 19:23:54,39,,,0.0,0.0,2302.947,N/A,,110.0,113.0,,0.0
20562575154,2025-10-01 19:23:54,40,,,25.0,51.375,2354.322,3:25,,131.0,136.0,,6.0
20562575154,2025-10-01 19:23:54,41,,,0.0,0.0,2354.322,N/A,,123.0,130.0,,0.0
20562575154,2025-10-01 19:23:54,42,,,25.0,46.187,2400.509,3:04,,135.0,142.0,,7.0
20562575154,2025-10-01 19:23:54,43,,,0.0,0.0,2400.509,N/A,,136.0,142.0,,0.0
20550318004,2025-09-30 12:30:50,1,,,225.0,529.498,529.498,3:55,,109.0,128.0,,45.0
20550318004,2025-09-30 12:30:50,2,,,0.0,0.0,529.498,N/A,,92.0,95.0,,0.0
20550318004,2025-09-30 12:30:50,3,,,25.0,57.188,586.686,3:48,,107.0,115.0,,6.0
20550318004,2025-09-30 12:30:50,4,,,0.0,0.0,586.686,N/A,,100.0,104.0,,0.0
20550318004,2025-09-30 12:30:50,5,,,25.0,54.0,640.686,3:36,,108.0,115.0,,6.0
20550318004,2025-09-30 12:30:50,6,,,0.0,0.0,640.686,N/A,,101.0,106.0,,0.0
20550318004,2025-09-30 12:30:50,7,,,50.0,120.625,761.311,4:01,,111.0,124.0,,11.0
20550318004,2025-09-30 12:30:50,8,,,0.0,0.0,761.311,N/A,,118.0,125.0,,0.0
20550318004,2025-09-30 12:30:50,9,,,75.0,176.563,937.874,3:55,,124.0,139.0,,17.0
20550318004,2025-09-30 12:30:50,10,,,0.0,0.0,937.874,N/A,,96.0,105.0,,0.0
20550318004,2025-09-30 12:30:50,11,,,125.0,295.124,1232.998,3:56,,117.0,135.0,,24.0
20550318004,2025-09-30 12:30:50,12,,,0.0,0.0,1232.998,N/A,,112.0,116.0,,0.0
20550318004,2025-09-30 12:30:50,13,,,25.0,66.124,1299.122,4:24,,116.0,122.0,,5.0
20550318004,2025-09-30 12:30:50,14,,,0.0,0.0,1299.122,N/A,,102.0,107.0,,0.0
20550318004,2025-09-30 12:30:50,15,,,50.0,122.062,1421.184,4:04,,118.0,129.0,,10.0
20550318004,2025-09-30 12:30:50,16,,,0.0,0.0,1421.184,N/A,,106.0,111.0,,0.0
20550318004,2025-09-30 12:30:50,17,,,50.0,132.624,1553.808,4:25,,123.0,130.0,,10.0
20550318004,2025-09-30 12:30:50,18,,,0.0,0.0,1553.808,N/A,,116.0,121.0,,0.0
20550318004,2025-09-30 12:30:50,19,,,75.0,106.001,1659.809,2:21,,113.0,131.0,,20.0
20550318004,2025-09-30 12:30:50,20,,,0.0,0.0,1659.809,N/A,,85.0,94.0,,0.0
20550318004,2025-09-30 12:30:50,21,,,25.0,58.563,1718.372,3:54,,101.0,107.0,,6.0
20550318004,2025-09-30 12:30:50,22,,,0.0,0.0,1718.372,N/A,,104.0,109.0,,0.0
20550318004,2025-09-30 12:30:50,23,,,25.0,61.126,1779.498,4:04,,100.0,114.0,,6.0
20550318004,2025-09-30 12:30:50,24,,,0.0,0.0,1779.498,N/A,,87.0,88.0,,0.0
20550318004,2025-09-30 12:30:50,25,,,25.0,45.688,1825.1860000000001,3:02,,105.0,117.0,,7.0
20550318004,2025-09-30 12:30:50,26,,,0.0,0.0,1825.1860000000001,N/A,,103.0,107.0,,0.0
20550318004,2025-09-30 12:30:50,27,,,25.0,54.999,1880.1850000000002,3:39,,119.0,128.0,,6.0
20550318004,2025-09-30 12:30:50,28,,,0.0,0.0,1880.1850000000002,N/A,,108.0,113.0,,0.0
20550318004,2025-09-30 12:30:50,29,,,25.0,48.25,1928.4350000000002,3:13,,102.0,105.0,,7.0
20550318004,2025-09-30 12:30:50,30,,,0.0,0.0,1928.4350000000002,N/A,,96.0,98.0,,0.0
20550318004,2025-09-30 12:30:50,31,,,25.0,66.125,1994.5600000000002,4:24,,106.0,120.0,,5.0
20550318004,2025-09-30 12:30:50,32,,,0.0,0.0,1994.5600000000002,N/A,,95.0,98.0,,0.0
20550318004,2025-09-30 12:30:50,33,,,25.0,56.938,2051.498,3:47,,115.0,131.0,,5.0
20550318004,2025-09-30 12:30:50,34,,,0.0,0.0,2051.498,N/A,,117.0,121.0,,0.0
20550318004,2025-09-30 12:30:50,35,,,50.0,110.249,2161.747,3:40,,129.0,134.0,,11.0
20550318004,2025-09-30 12:30:50,36,,,0.0,0.0,2161.747,N/A,,122.0,126.0,,0.0
20550318004,2025-09-30 12:30:50,37,,,150.0,366.188,2527.935,4:04,,141.0,162.0,,26.0
20550318004,2025-09-30 12:30:50,38,,,0.0,0.0,2527.935,N/A,,139.0,143.0,,0.0
20550318004,2025-09-30 12:30:50,39,,,25.0,46.563,2574.498,3:06,,133.0,140.0,,5.0
20550318004,2025-09-30 12:30:50,40,,,0.0,0.0,2574.498,N/A,,124.0,126.0,,0.0
20550312620,2025-09-30 12:29:07,1,,,0.0,0.0,0.0,N/A,,86.0,89.0,,0.0
20550312620,2025-09-30 12:29:07,2,,,25.0,26.624,26.624,1:46,,86.0,87.0,,8.0
20550312620,2025-09-30 12:29:07,3,,,0.0,0.0,26.624,N/A,,77.0,86.0,,0.0
20539976973,2025-09-29 14:51:26,1,,,0.0,0.0,0.0,N/A,,92.0,98.0,,0.0
20539976973,2025-09-29 14:51:26,2,,,25.0,43.688,43.688,2:54,,115.0,127.0,,7.0
20539976973,2025-09-29 14:51:26,3,,,0.0,0.0,43.688,N/A,,108.0,115.0,,0.0
20539976973,2025-09-29 14:51:26,4,,,25.0,54.063,97.751,3:36,,114.0,120.0,,6.0
20539976973,2025-09-29 14:51:26,5,,,0.0,0.0,97.751,N/A,,104.0,111.0,,0.0
20539976973,2025-09-29 14:51:26,6,,,25.0,48.625,146.376,3:14,,91.0,99.0,,7.0
20539976973,2025-09-29 14:51:26,7,,,0.0,0.0,146.376,N/A,,84.0,88.0,,0.0
20539976973,2025-09-29 14:51:26,8,,,25.0,58.563,204.93900000000002,3:54,,87.0,91.0,,1.0
20539976973,2025-09-29 14:51:26,9,,,0.0,0.0,204.93900000000002,N/A,,87.0,90.0,,0.0
20539976973,2025-09-29 14:51:26,10,,,25.0,60.938,265.877,4:03,,88.0,95.0,,1.0
20539976973,2025-09-29 14:51:26,11,,,0.0,0.0,265.877,N/A,,82.0,89.0,,0.0
20539976973,2025-09-29 14:51:26,12,,,50.0,115.624,381.501,3:51,,114.0,125.0,,6.0
20539976973,2025-09-29 14:51:26,13,,,0.0,0.0,381.501,N/A,,105.0,108.0,,0.0
20539976973,2025-09-29 14:51:26,14,,,25.0,49.624,431.125,3:18,,89.0,101.0,,7.0
20539976973,2025-09-29 14:51:26,15,,,0.0,0.0,431.125,N/A,,82.0,84.0,,0.0
20539976973,2025-09-29 14:51:26,16,,,25.0,59.625,490.75,3:58,,95.0,105.0,,5.0
20539976973,2025-09-29 14:51:26,17,,,0.0,0.0,490.75,N/A,,94.0,96.0,,0.0
20539976973,2025-09-29 14:51:26,18,,,50.0,124.375,615.125,4:08,,90.0,100.0,,6.0
20539976973,2025-09-29 14:51:26,19,,,0.0,0.0,615.125,N/A,,89.0,93.0,,0.0
20539976973,2025-09-29 14:51:26,20,,,50.0,126.875,742.0,4:13,,97.0,107.0,,2.0
20539976973,2025-09-29 14:51:26,21,,,0.0,0.0,742.0,N/A,,90.0,93.0,,0.0
20539976973,2025-09-29 14:51:26,22,,,75.0,176.75,918.75,3:55,,95.0,118.0,,16.0
20539976973,2025-09-29 14:51:26,23,,,0.0,0.0,918.75,N/A,,78.0,82.0,,0.0
20539976973,2025-09-29 14:51:26,24,,,25.0,52.063,970.813,3:28,,76.0,78.0,,6.0
20539976973,2025-09-29 14:51:26,25,,,0.0,0.0,970.813,N/A,,72.0,77.0,,0.0
20539976973,2025-09-29 14:51:26,26,,,25.0,45.124,1015.937,3:00,,76.0,79.0,,8.0
20539976973,2025-09-29 14:51:26,27,,,0.0,0.0,1015.937,N/A,,82.0,98.0,,0.0
20539976973,2025-09-29 14:51:26,28,,,25.0,36.688,1052.625,2:26,,105.0,110.0,,7.0
20539976973,2025-09-29 14:51:26,29,,,0.0,0.0,1052.625,N/A,,106.0,110.0,,0.0
20539976973,2025-09-29 14:51:26,30,,,25.0,36.5,1089.125,2:26,,108.0,112.0,,7.0
20539976973,2025-09-29 14:51:26,31,,,0.0,0.0,1089.125,N/A,,101.0,112.0,,0.0
20539976973,2025-09-29 14:51:26,32,,,75.0,179.563,1268.688,3:59,,141.0,161.0,,18.0
20539976973,2025-09-29 14:51:26,33,,,0.0,0.0,1268.688,N/A,,137.0,140.0,,0.0
20539976973,2025-09-29 14:51:26,34,,,25.0,48.813,1317.5010000000002,3:15,,149.0,154.0,,8.0
20539976973,2025-09-29 14:51:26,35,,,0.0,0.0,1317.5010000000002,N/A,,138.0,143.0,,0.0
20539976973,2025-09-29 14:51:26,36,,,50.0,133.188,1450.6890000000003,4:26,,147.0,162.0,,10.0
20539976973,2025-09-29 14:51:26,37,,,0.0,0.0,1450.6890000000003,N/A,,135.0,143.0,,0.0
20539976973,2025-09-29 14:51:26,38,,,25.0,58.938,1509.6270000000004,3:55,,143.0,154.0,,5.0
20539976973,2025-09-29 14:51:26,39,,,0.0,0.0,1509.6270000000004,N/A,,121.0,128.0,,0.0
20539976973,2025-09-29 14:51:26,40,,,25.0,52.75,1562.3770000000004,3:31,,132.0,141.0,,5.0
20539976973,2025-09-29 14:51:26,41,,,0.0,0.0,1562.3770000000004,N/A,,136.0,141.0,,0.0
20539976973,2025-09-29 14:51:26,42,,,25.0,51.5,1613.8770000000004,3:26,,141.0,149.0,,5.0
20539976973,2025-09-29 14:51:26,43,,,0.0,0.0,1613.8770000000004,N/A,,129.0,133.0,,0.0
20539976973,2025-09-29 14:51:26,44,,,25.0,55.625,1669.5020000000004,3:42,,144.0,152.0,,6.0
20539976973,2025-09-29 14:51:26,45,,,0.0,0.0,1669.5020000000004,N/A,,126.0,132.0,,0.0
20539976973,2025-09-29 14:51:26,46,,,50.0,127.0,1796.5020000000004,4:14,,139.0,152.0,,11.0
20539976973,2025-09-29 14:51:26,47,,,0.0,0.0,1796.5020000000004,N/A,,115.0,120.0,,0.0
20539976973,2025-09-29 14:51:26,48,,,100.0,280.374,2076.876,4:40,,134.0,150.0,,21.0
20539976973,2025-09-29 14:51:26,49,,,0.0,0.0,2076.876,N/A,,127.0,129.0,,0.0
20539976973,2025-09-29 14:51:26,50,,,50.0,138.001,2214.8770000000004,4:36,,138.0,149.0,,10.0
20539976973,2025-09-29 14:51:26,51,,,0.0,0.0,2214.8770000000004,N/A,,105.0,124.0,,0.0
20539976973,2025-09-29 14:51:26,52,,,25.0,36.874,2251.751,2:27,,95.0,99.0,,7.0
20539976973,2025-09-29 14:51:26,53,,,0.0,0.0,2251.751,N/A,,92.0,94.0,,0.0
20539976973,2025-09-29 14:51:26,54,,,50.0,57.313,2309.0640000000003,1:54,,91.0,93.0,,15.0
20539976973,2025-09-29 14:51:26,55,,,0.0,0.0,2309.0640000000003,N/A,,89.0,90.0,,0.0
20491842257,2025-09-24 17:47:39,1,,,0.0,0.0,0.0,N/A,,80.0,84.0,,0.0
20491842257,2025-09-24 17:47:39,2,,,25.0,59.188,59.188,3:56,,97.0,107.0,,5.0
20491842257,2025-09-24 17:47:39,3,,,0.0,0.0,59.188,N/A,,99.0,104.0,,0.0
20491842257,2025-09-24 17:47:39,4,,,50.0,117.313,176.501,3:54,,108.0,114.0,,11.0
20491842257,2025-09-24 17:47:39,5,,,0.0,0.0,176.501,N/A,,93.0,98.0,,0.0
20491842257,2025-09-24 17:47:39,6,,,25.0,61.875,238.376,4:07,,104.0,114.0,,6.0
20491842257,2025-09-24 17:47:39,7,,,0.0,0.0,238.376,N/A,,87.0,99.0,,0.0
20491842257,2025-09-24 17:47:39,8,,,50.0,81.749,320.125,2:43,,71.0,84.0,,14.0
20491842257,2025-09-24 17:47:39,9,,,0.0,0.0,320.125,N/A,,68.0,74.0,,0.0
20491842257,2025-09-24 17:47:39,10,,,50.0,104.063,424.188,3:28,,64.0,70.0,,9.0
20491842257,2025-09-24 17:47:39,11,,,0.0,0.0,424.188,N/A,,71.0,76.0,,0.0
20491842257,2025-09-24 17:47:39,12,,,25.0,59.938,484.126,3:59,,68.0,73.0,,1.0
20491842257,2025-09-24 17:47:39,13,,,0.0,0.0,484.126,N/A,,66.0,73.0,,0.0
20491842257,2025-09-24 17:47:39,14,,,75.0,104.876,589.002,2:19,,74.0,82.0,,17.0
20491842257,2025-09-24 17:47:39,15,,,0.0,0.0,589.002,N/A,,79.0,88.0,,0.0
20491842257,2025-09-24 17:47:39,16,,,50.0,114.937,703.939,3:49,,81.0,85.0,,12.0
20491842257,2025-09-24 17:47:39,17,,,0.0,0.0,703.939,N/A,,82.0,88.0,,0.0
20491842257,2025-09-24 17:47:39,18,,,25.0,26.062,730.001,1:44,,81.0,83.0,,8.0
20491842257,2025-09-24 17:47:39,19,,,0.0,0.0,730.001,N/A,,81.0,84.0,,0.0
20491842257,2025-09-24 17:47:39,20,,,25.0,31.688,761.689,2:06,,77.0,80.0,,8.0
20491842257,2025-09-24 17:47:39,21,,,0.0,0.0,761.689,N/A,,76.0,79.0,,0.0
20491842257,2025-09-24 17:47:39,22,,,75.0,204.0,965.689,4:32,,84.0,99.0,,8.0
20491842257,2025-09-24 17:47:39,23,,,0.0,0.0,965.689,N/A,,84.0,88.0,,0.0
20491842257,2025-09-24 17:47:39,24,,,50.0,72.312,1038.001,2:24,,82.0,88.0,,15.0
20491842257,2025-09-24 17:47:39,25,,,0.0,0.0,1038.001,N/A,,83.0,90.0,,0.0
20491842257,2025-09-24 17:47:39,26,,,25.0,87.187,1125.1879999999999,5:48,,90.0,94.0,,5.0
20491842257,2025-09-24 17:47:39,27,,,0.0,0.0,1125.1879999999999,N/A,,97.0,100.0,,0.0
20491842257,2025-09-24 17:47:39,28,,,50.0,105.0,1230.1879999999999,3:30,,95.0,105.0,,7.0
20491842257,2025-09-24 17:47:39,29,,,0.0,0.0,1230.1879999999999,N/A,,97.0,102.0,,0.0
20491842257,2025-09-24 17:47:39,30,,,25.0,53.938,1284.126,3:35,,92.0,96.0,,6.0
20491842257,2025-09-24 17:47:39,31,,,0.0,0.0,1284.126,N/A,,90.0,98.0,,0.0
20491842257,2025-09-24 17:47:39,32,,,50.0,105.874,1390.0,3:31,,96.0,110.0,,8.0
20491842257,2025-09-24 17:47:39,33,,,0.0,0.0,1390.0,N/A,,90.0,107.0,,0.0
20491842257,2025-09-24 17:47:39,34,,,125.0,231.25,1621.25,3:05,,92.0,102.0,,24.0
20491842257,2025-09-24 17:47:39,35,,,0.0,0.0,1621.25,N/A,,98.0,101.0,,0.0
20491842257,2025-09-24 17:47:39,36,,,25.0,31.626,1652.876,2:06,,105.0,110.0,,5.0
20491842257,2025-09-24 17:47:39,37,,,0.0,0.0,1652.876,N/A,,102.0,107.0,,0.0
20491842257,2025-09-24 17:47:39,38,,,75.0,213.25,1866.126,4:44,,87.0,100.0,,15.0
20491842257,2025-09-24 17:47:39,39,,,0.0,0.0,1866.126,N/A,,90.0,92.0,,0.0
20491842257,2025-09-24 17:47:39,40,,,25.0,60.812,1926.9379999999999,4:03,,87.0,92.0,,6.0
20491842257,2025-09-24 17:47:39,41,,,0.0,0.0,1926.9379999999999,N/A,,83.0,87.0,,0.0
20491842257,2025-09-24 17:47:39,42,,,25.0,64.5,1991.4379999999999,4:18,,89.0,93.0,,5.0
20491842257,2025-09-24 17:47:39,43,,,0.0,0.0,1991.4379999999999,N/A,,99.0,104.0,,0.0
20491842257,2025-09-24 17:47:39,44,,,100.0,255.313,2246.7509999999997,4:15,,98.0,103.0,,14.0
20491842257,2025-09-24 17:47:39,45,,,0.0,0.0,2246.7509999999997,N/A,,99.0,103.0,,0.0
20481680572,2025-09-23 18:55:39,1,,,0.0,0.0,0.0,N/A,,81.0,94.0,,0.0
20481680572,2025-09-23 18:55:39,2,,,200.0,584.938,584.938,4:52,,97.0,118.0,,39.0
20481680572,2025-09-23 18:55:39,3,,,0.0,0.0,584.938,N/A,,67.0,74.0,,0.0
20481680572,2025-09-23 18:55:39,4,,,50.0,92.812,677.75,3:05,,63.0,67.0,,14.0
20481680572,2025-09-23 18:55:39,5,,,0.0,0.0,677.75,N/A,,55.0,60.0,,0.0
20481680572,2025-09-23 18:55:39,6,,,25.0,19.501,697.251,1:18,,52.0,56.0,,9.0
20481680572,2025-09-23 18:55:39,7,,,0.0,0.0,697.251,N/A,,60.0,73.0,,0.0
20481680572,2025-09-23 18:55:39,8,,,25.0,44.313,741.564,2:57,,63.0,70.0,,7.0
20481680572,2025-09-23 18:55:39,9,,,0.0,0.0,741.564,N/A,,72.0,83.0,,0.0
20481680572,2025-09-23 18:55:39,10,,,50.0,67.875,809.439,2:15,,109.0,125.0,,15.0
20481680572,2025-09-23 18:55:39,11,,,0.0,0.0,809.439,N/A,,80.0,109.0,,0.0
20481680572,2025-09-23 18:55:39,12,,,50.0,46.0,855.439,1:32,,84.0,91.0,,14.0
20481680572,2025-09-23 18:55:39,13,,,0.0,0.0,855.439,N/A,,88.0,96.0,,0.0
20481680572,2025-09-23 18:55:39,14,,,100.0,189.562,1045.001,3:09,,73.0,94.0,,26.0
20481680572,2025-09-23 18:55:39,15,,,0.0,0.0,1045.001,N/A,,76.0,82.0,,0.0
20481680572,2025-09-23 18:55:39,16,,,25.0,48.125,1093.126,3:12,,85.0,93.0,,7.0
20481680572,2025-09-23 18:55:39,17,,,0.0,0.0,1093.126,N/A,,73.0,89.0,,0.0
20481680572,2025-09-23 18:55:39,18,,,50.0,212.313,1305.4389999999999,7:04,,76.0,88.0,,5.0
20481680572,2025-09-23 18:55:39,19,,,0.0,0.0,1305.4389999999999,N/A,,77.0,80.0,,0.0
20481680572,2025-09-23 18:55:39,20,,,75.0,117.688,1423.127,2:36,,85.0,108.0,,21.0
20481680572,2025-09-23 18:55:39,21,,,0.0,0.0,1423.127,N/A,,89.0,92.0,,0.0
20481680572,2025-09-23 18:55:39,22,,,25.0,51.751,1474.878,3:27,,80.0,86.0,,6.0
20481680572,2025-09-23 18:55:39,23,,,0.0,0.0,1474.878,N/A,,72.0,75.0,,0.0
20481680572,2025-09-23 18:55:39,24,,,25.0,34.688,1509.566,2:18,,72.0,74.0,,8.0
20481680572,2025-09-23 18:55:39,25,,,0.0,0.0,1509.566,N/A,,70.0,80.0,,0.0
20481680572,2025-09-23 18:55:39,26,,,75.0,128.063,1637.629,2:50,,79.0,85.0,,22.0
20481680572,2025-09-23 18:55:39,27,,,0.0,0.0,1637.629,N/A,,65.0,76.0,,0.0
20481680572,2025-09-23 18:55:39,28,,,25.0,21.0,1658.629,1:24,,61.0,63.0,,9.0
20481680572,2025-09-23 18:55:39,29,,,0.0,0.0,1658.629,N/A,,59.0,60.0,,0.0
20481680572,2025-09-23 18:55:39,30,,,25.0,47.687,1706.3159999999998,3:10,,64.0,71.0,,7.0
20481680572,2025-09-23 18:55:39,31,,,0.0,0.0,1706.3159999999998,N/A,,66.0,70.0,,0.0
20481680572,2025-09-23 18:55:39,32,,,50.0,58.25,1764.5659999999998,1:56,,66.0,69.0,,15.0
20481680572,2025-09-23 18:55:39,33,,,0.0,0.0,1764.5659999999998,N/A,,72.0,78.0,,0.0
20481680572,2025-09-23 18:55:39,34,,,25.0,60.5,1825.0659999999998,4:02,,77.0,80.0,,6.0
20481680572,2025-09-23 18:55:39,35,,,0.0,0.0,1825.0659999999998,N/A,,76.0,82.0,,0.0
20481680572,2025-09-23 18:55:39,36,,,25.0,45.437,1870.5029999999997,3:01,,76.0,79.0,,7.0
20481680572,2025-09-23 18:55:39,37,,,0.0,0.0,1870.5029999999997,N/A,,79.0,83.0,,0.0
20481680572,2025-09-23 18:55:39,38,,,25.0,32.625,1903.1279999999997,2:10,,84.0,87.0,,8.0
20481680572,2025-09-23 18:55:39,39,,,0.0,0.0,1903.1279999999997,N/A,,79.0,82.0,,0.0
20481680572,2025-09-23 18:55:39,40,,,50.0,131.139,2034.2669999999998,4:22,,78.0,85.0,,11.0
20449682339,2025-09-20 16:04:59,1,,,25.0,32.874,32.874,2:11,,88.0,93.0,,7.0
20449682339,2025-09-20 16:04:59,2,,,0.0,0.0,32.874,N/A,,80.0,92.0,,0.0
20449682339,2025-09-20 16:04:59,3,,,75.0,152.438,185.31199999999998,3:23,,116.0,126.0,,16.0
20449682339,2025-09-20 16:04:59,4,,,0.0,0.0,185.31199999999998,N/A,,106.0,111.0,,0.0
20449682339,2025-09-20 16:04:59,5,,,75.0,172.375,357.687,3:49,,117.0,124.0,,18.0
20449682339,2025-09-20 16:04:59,6,,,0.0,0.0,357.687,N/A,,108.0,109.0,,0.0
20449682339,2025-09-20 16:04:59,7,,,50.0,108.0,465.687,3:36,,115.0,119.0,,14.0
20449682339,2025-09-20 16:04:59,8,,,0.0,0.0,465.687,N/A,,109.0,114.0,,0.0
20449682339,2025-09-20 16:04:59,9,,,25.0,57.188,522.875,3:48,,118.0,124.0,,6.0
20449682339,2025-09-20 16:04:59,10,,,0.0,0.0,522.875,N/A,,108.0,114.0,,0.0
20449682339,2025-09-20 16:04:59,11,,,25.0,61.562,584.437,4:06,,112.0,117.0,,1.0
20449682339,2025-09-20 16:04:59,12,,,0.0,0.0,584.437,N/A,,97.0,103.0,,0.0
20449682339,2025-09-20 16:04:59,13,,,25.0,50.125,634.562,3:20,,104.0,109.0,,1.0
20449682339,2025-09-20 16:04:59,14,,,0.0,0.0,634.562,N/A,,94.0,97.0,,0.0
20449682339,2025-09-20 16:04:59,15,,,25.0,38.624,673.186,2:34,,104.0,116.0,,7.0
20449682339,2025-09-20 16:04:59,16,,,0.0,0.0,673.186,N/A,,102.0,107.0,,0.0
20449682339,2025-09-20 16:04:59,17,,,50.0,110.125,783.311,3:40,,109.0,117.0,,12.0
20449682339,2025-09-20 16:04:59,18,,,0.0,0.0,783.311,N/A,,107.0,112.0,,0.0
20449682339,2025-09-20 16:04:59,19,,,25.0,55.874,839.1850000000001,3:43,,93.0,99.0,,6.0
20449682339,2025-09-20 16:04:59,20,,,0.0,0.0,839.1850000000001,N/A,,81.0,84.0,,0.0
20449682339,2025-09-20 16:04:59,21,,,75.0,124.25,963.4350000000001,2:45,,71.0,80.0,,22.0
20449682339,2025-09-20 16:04:59,22,,,0.0,0.0,963.4350000000001,N/A,,61.0,64.0,,0.0
20449682339,2025-09-20 16:04:59,23,,,25.0,59.188,1022.623,3:56,,63.0,70.0,,6.0
20449682339,2025-09-20 16:04:59,24,,,0.0,0.0,1022.623,N/A,,66.0,67.0,,0.0
20449682339,2025-09-20 16:04:59,25,,,25.0,55.25,1077.873,3:41,,66.0,69.0,,6.0
20449682339,2025-09-20 16:04:59,26,,,0.0,0.0,1077.873,N/A,,84.0,107.0,,0.0
20449682339,2025-09-20 16:04:59,27,,,25.0,27.563,1105.4360000000001,1:50,,107.0,118.0,,8.0
20449682339,2025-09-20 16:04:59,28,,,0.0,0.0,1105.4360000000001,N/A,,85.0,96.0,,0.0
20449682339,2025-09-20 16:04:59,29,,,50.0,113.688,1219.1240000000003,3:47,,82.0,91.0,,7.0
20449682339,2025-09-20 16:04:59,30,,,0.0,0.0,1219.1240000000003,N/A,,73.0,79.0,,0.0
20449682339,2025-09-20 16:04:59,31,,,25.0,49.563,1268.6870000000004,3:18,,68.0,76.0,,7.0
20449682339,2025-09-20 16:04:59,32,,,0.0,0.0,1268.6870000000004,N/A,,73.0,78.0,,0.0
20449682339,2025-09-20 16:04:59,33,,,50.0,187.249,1455.9360000000004,6:14,,74.0,80.0,,11.0
20449682339,2025-09-20 16:04:59,34,,,0.0,0.0,1455.9360000000004,N/A,,75.0,78.0,,0.0
20449682339,2025-09-20 16:04:59,35,,,25.0,39.125,1495.0610000000004,2:36,,76.0,81.0,,7.0
20449682339,2025-09-20 16:04:59,36,,,0.0,0.0,1495.0610000000004,N/A,,80.0,92.0,,0.0
20449682339,2025-09-20 16:04:59,37,,,25.0,64.688,1559.7490000000005,4:18,,86.0,93.0,,5.0
20449682339,2025-09-20 16:04:59,38,,,0.0,0.0,1559.7490000000005,N/A,,85.0,90.0,,0.0
20449682339,2025-09-20 16:04:59,39,,,50.0,129.625,1689.3740000000005,4:19,,84.0,93.0,,11.0
20449682339,2025-09-20 16:04:59,40,,,0.0,0.0,1689.3740000000005,N/A,,82.0,84.0,,0.0
20449682339,2025-09-20 16:04:59,41,,,25.0,48.624,1737.9980000000005,3:14,,78.0,85.0,,7.0
20449682339,2025-09-20 16:04:59,42,,,0.0,0.0,1737.9980000000005,N/A,,83.0,92.0,,0.0
20449682339,2025-09-20 16:04:59,43,,,25.0,58.688,1796.6860000000006,3:54,,80.0,84.0,,6.0
20449682339,2025-09-20 16:04:59,44,,,0.0,0.0,1796.6860000000006,N/A,,80.0,83.0,,0.0
20449682339,2025-09-20 16:04:59,45,,,25.0,36.376,1833.0620000000006,2:25,,84.0,87.0,,7.0
20449682339,2025-09-20 16:04:59,46,,,0.0,0.0,1833.0620000000006,N/A,,84.0,87.0,,0.0
20449682339,2025-09-20 16:04:59,47,,,25.0,47.874,1880.9360000000006,3:11,,89.0,94.0,,7.0
20449682339,2025-09-20 16:04:59,48,,,0.0,0.0,1880.9360000000006,N/A,,86.0,88.0,,0.0
20449682339,2025-09-20 16:04:59,49,,,100.0,342.705,2223.6410000000005,5:42,,90.0,102.0,,9.0
20440706378,2025-09-19 20:34:59,1,,,0.0,0.0,0.0,N/A,,92.0,93.0,,0.0
20440706378,2025-09-19 20:34:59,2,,,25.0,80.563,80.563,5:22,,91.0,98.0,,4.0
20440706378,2025-09-19 20:34:59,3,,,0.0,0.0,80.563,N/A,,93.0,95.0,,0.0
20440706378,2025-09-19 20:34:59,4,,,25.0,67.813,148.376,4:31,,88.0,90.0,,5.0
20440706378,2025-09-19 20:34:59,5,,,0.0,0.0,148.376,N/A,,95.0,108.0,,0.0
20440706378,2025-09-19 20:34:59,6,,,25.0,79.126,227.502,5:16,,96.0,105.0,,4.0
20440706378,2025-09-19 20:34:59,7,,,0.0,0.0,227.502,N/A,,101.0,116.0,,0.0
20440706378,2025-09-19 20:34:59,8,,,50.0,88.749,316.251,2:57,,107.0,111.0,,14.0
20440706378,2025-09-19 20:34:59,9,,,0.0,0.0,316.251,N/A,,107.0,109.0,,0.0
20440706378,2025-09-19 20:34:59,10,,,25.0,48.624,364.875,3:14,,104.0,108.0,,7.0
20440706378,2025-09-19 20:34:59,11,,,0.0,0.0,364.875,N/A,,97.0,109.0,,0.0
20440706378,2025-09-19 20:34:59,12,,,25.0,25.875,390.75,1:43,,98.0,100.0,,8.0
20440706378,2025-09-19 20:34:59,13,,,0.0,0.0,390.75,N/A,,92.0,104.0,,0.0
20440706378,2025-09-19 20:34:59,14,,,25.0,10.938,401.688,0:43,,105.0,105.0,,9.0
20440706378,2025-09-19 20:34:59,15,,,0.0,0.0,401.688,N/A,,102.0,107.0,,0.0
20440706378,2025-09-19 20:34:59,16,,,25.0,39.188,440.876,2:36,,101.0,104.0,,7.0
20440706378,2025-09-19 20:34:59,17,,,0.0,0.0,440.876,N/A,,94.0,104.0,,0.0
20440706378,2025-09-19 20:34:59,18,,,25.0,25.5,466.376,1:42,,85.0,87.0,,6.0
20440706378,2025-09-19 20:34:59,19,,,0.0,0.0,466.376,N/A,,96.0,104.0,,0.0
20440705607,2025-09-19 20:28:12,1,,,0.0,0.0,0.0,N/A,,71.0,79.0,,0.0
20440705607,2025-09-19 20:28:12,2,,,25.0,39.874,39.874,2:39,,70.0,72.0,,7.0
20440705607,2025-09-19 20:28:12,3,,,0.0,0.0,39.874,N/A,,77.0,94.0,,0.0
20440705132,2025-09-19 20:00:59,1,,,0.0,0.0,0.0,N/A,,94.0,99.0,,0.0
20440705132,2025-09-19 20:00:59,2,,,0.0,0.0,0.0,N/A,,87.0,90.0,,0.0
20440705132,2025-09-19 20:00:59,3,,,0.0,0.0,0.0,N/A,,79.0,86.0,,0.0
20440705132,2025-09-19 20:00:59,4,,,25.0,58.874,58.874,3:55,,98.0,108.0,,6.0
20440705132,2025-09-19 20:00:59,5,,,0.0,0.0,58.874,N/A,,98.0,103.0,,0.0
20440705132,2025-09-19 20:00:59,6,,,200.0,547.249,606.123,4:33,,114.0,128.0,,40.0
20440705132,2025-09-19 20:00:59,7,,,0.0,0.0,606.123,N/A,,97.0,102.0,,0.0
20440705132,2025-09-19 20:00:59,8,,,25.0,61.25,667.373,4:05,,101.0,113.0,,6.0
20440705132,2025-09-19 20:00:59,9,,,0.0,0.0,667.373,N/A,,86.0,91.0,,0.0
20440705132,2025-09-19 20:00:59,10,,,25.0,30.75,698.123,2:03,,111.0,124.0,,8.0
20440705132,2025-09-19 20:00:59,11,,,0.0,0.0,698.123,N/A,,103.0,111.0,,0.0
20440705132,2025-09-19 20:00:59,12,,,25.0,27.188,725.311,1:48,,86.0,94.0,,8.0
20440705132,2025-09-19 20:00:59,13,,,0.0,0.0,725.311,N/A,,72.0,79.0,,0.0
